snapshot_date,prizes_last_updated,game_number,game,price,prize,prizes_printed,prizes_remaining,odds_printed,odds_live,tickets_printed,tickets_remaining_est,percent_unsold_est,ev_printed,ev_now
2026-09-26,2026-09-26T03:06:41.565Z,1692,"$3,000,000 Cash Spectacular",30,3000000,4,2,373605.0,397926.0,1494420,795852,53.25,0.9007,0.8812
2026-09-26,2026-09-26T03:06:41.565Z,1692,"$3,000,000 Cash Spectacular",30,50000,8,4,186802.5,198963.0,1494420,795852,53.25,0.9007,0.8812
2026-09-26,2026-09-26T03:06:41.565Z,1692,"$3,000,000 Cash Spectacular",30,5000,73,40,20471.51,19896.3,1494420,795852,53.25,0.9007,0.8812
2026-09-26,2026-09-26T03:06:41.565Z,1692,"$3,000,000 Cash Spectacular",30,1000,502,270,2976.93,2947.6,1494420,795852,53.25,0.9007,0.8812
2026-09-26,2026-09-26T03:06:41.565Z,1692,"$3,000,000 Cash Spectacular",30,500,6349,3321,235.38,239.64,1494420,795852,53.25,0.9007,0.8812
2026-09-26,2026-09-26T03:06:41.565Z,1692,"$3,000,000 Cash Spectacular",30,200,12606,6638,118.55,119.89,1494420,795852,53.25,0.9007,0.8812
2026-09-26,2026-09-26T03:06:41.565Z,1692,"$3,000,000 Cash Spectacular",30,100,49814,26205,30.0,30.37,1494420,795852,53.25,0.9007,0.8812
2026-09-26,2026-09-26T03:06:41.565Z,1692,"$3,000,000 Cash Spectacular",30,50,99628,52786,15.0,15.08,1494420,795852,53.25,0.9007,0.8812
2026-09-26,2026-09-26T03:06:41.565Z,1692,"$3,000,000 Cash Spectacular",30,40,99628,52751,15.0,15.09,1494420,795852,53.25,0.9007,0.8812
2026-09-26,2026-09-26T03:06:41.565Z,1692,"$3,000,000 Cash Spectacular",30,30,249070,133674,6.0,5.95,1494420,795852,53.25,0.9007,0.8812
2026-09-26,2026-09-26T03:06:41.565Z,1651,"$100, $250 or $500 Series II",25,500,46491,9074,59.63,60.32,2772480,547386,19.74,0.7983,0.7928
2026-09-26,2026-09-26T03:06:41.565Z,1651,"$100, $250 or $500 Series II",25,250,54411,10525,50.95,52.01,2772480,547386,19.74,0.7983,0.7928
2026-09-26,2026-09-26T03:06:41.565Z,1651,"$100, $250 or $500 Series II",25,100,184832,36815,15.0,14.87,2772480,547386,19.74,0.7983,0.7928
2026-09-26,2026-09-26T03:06:41.565Z,1658,"$2,000,000 Ultimate Granite Bonus",25,2000000,4,2,836467.5,1068009.5,3345870,2136019,63.84,0.7945,0.7759
2026-09-26,2026-09-26T03:06:41.565Z,1658,"$2,000,000 Ultimate Granite Bonus",25,200000,4,3,836467.5,712006.33,3345870,2136019,63.84,0.7945,0.7759
2026-09-26,2026-09-26T03:06:41.565Z,1658,"$2,000,000 Ultimate Granite Bonus",25,25000,20,13,167293.5,164309.15,3345870,2136019,63.84,0.7945,0.7759
2026-09-26,2026-09-26T03:06:41.565Z,1658,"$2,000,000 Ultimate Granite Bonus",25,10000,60,38,55764.5,56211.03,3345870,2136019,63.84,0.7945,0.7759
2026-09-26,2026-09-26T03:06:41.565Z,1658,"$2,000,000 Ultimate Granite Bonus",25,5000,96,68,34852.81,31412.04,3345870,2136019,63.84,0.7945,0.7759
2026-09-26,2026-09-26T03:06:41.565Z,1658,"$2,000,000 Ultimate Granite Bonus",25,1000,1200,790,2788.22,2703.82,3345870,2136019,63.84,0.7945,0.7759
2026-09-26,2026-09-26T03:06:41.565Z,1658,"$2,000,000 Ultimate Granite Bonus",25,500,13405,8561,249.6,249.51,3345870,2136019,63.84,0.7945,0.7759
2026-09-26,2026-09-26T03:06:41.565Z,1658,"$2,000,000 Ultimate Granite Bonus",25,200,13656,8710,245.01,245.24,3345870,2136019,63.84,0.7945,0.7759
2026-09-26,2026-09-26T03:06:41.565Z,1658,"$2,000,000 Ultimate Granite Bonus",25,150,11895,7564,281.28,282.39,3345870,2136019,63.84,0.7945,0.7759
2026-09-26,2026-09-26T03:06:41.565Z,1658,"$2,000,000 Ultimate Granite Bonus",25,100,152175,96835,21.99,22.06,3345870,2136019,63.84,0.7945,0.7759
2026-09-26,2026-09-26T03:06:41.565Z,1658,"$2,000,000 Ultimate Granite Bonus",25,50,195268,124406,17.13,17.17,3345870,2136019,63.84,0.7945,0.7759
2026-09-26,2026-09-26T03:06:41.565Z,1658,"$2,000,000 Ultimate Granite Bonus",25,30,250804,160385,13.34,13.32,3345870,2136019,63.84,0.7945,0.7759
2026-09-26,2026-09-26T03:06:41.565Z,1658,"$2,000,000 Ultimate Granite Bonus",25,25,446095,285091,7.5,7.49,3345870,2136019,63.84,0.7945,0.7759
2026-09-26,2026-09-26T03:06:41.565Z,1621,Diamond Jubilee,25,2000000,4,0,924922.5,,3699690,925786,25.02,0.7971,0.713
2026-09-26,2026-09-26T03:06:41.565Z,1621,Diamond Jubilee,25,60000,48,13,77076.88,71214.31,3699690,925786,25.02,0.7971,0.713
2026-09-26,2026-09-26T03:06:41.565Z,1621,Diamond Jubilee,25,5000,141,37,26238.94,25021.24,3699690,925786,25.02,0.7971,0.713
2026-09-26,2026-09-26T03:06:41.565Z,1621,Diamond Jubilee,25,2000,352,89,10510.48,10402.09,3699690,925786,25.02,0.7971,0.713
2026-09-26,2026-09-26T03:06:41.565Z,1621,Diamond Jubilee,25,500,8644,2145,428.01,431.6,3699690,925786,25.02,0.7971,0.713
2026-09-26,2026-09-26T03:06:41.565Z,1621,Diamond Jubilee,25,300,4243,1048,871.95,883.38,3699690,925786,25.02,0.7971,0.713
2026-09-26,2026-09-26T03:06:41.565Z,1621,Diamond Jubilee,25,120,13146,3240,281.43,285.74,3699690,925786,25.02,0.7971,0.713
2026-09-26,2026-09-26T03:06:41.565Z,1621,Diamond Jubilee,25,100,246646,61732,15.0,15.0,3699690,925786,25.02,0.7971,0.713
2026-09-26,2026-09-26T03:06:41.565Z,1621,Diamond Jubilee,25,60,493292,123504,7.5,7.5,3699690,925786,25.02,0.7971,0.713
2026-09-26,2026-09-26T03:06:41.565Z,1628,$100 or $200 Series III,20,200,37568,511,26.77,31.16,1005840,15922,1.58,0.7401,0.7138
2026-09-26,2026-09-26T03:06:41.565Z,1628,$100 or $200 Series III,20,100,73743,1251,13.64,12.73,1005840,15922,1.58,0.7401,0.7138
2026-09-26,2026-09-26T03:06:41.565Z,1657,Millionaire 7,20,1000000,4,2,486195.0,427254.0,1944780,854508,43.94,0.7378,0.7524
2026-09-26,2026-09-26T03:06:41.565Z,1657,Millionaire 7,20,100000,4,2,486195.0,427254.0,1944780,854508,43.94,0.7378,0.7524
2026-09-26,2026-09-26T03:06:41.565Z,1657,Millionaire 7,20,10000,32,14,60774.38,61036.29,1944780,854508,43.94,0.7378,0.7524
2026-09-26,2026-09-26T03:06:41.565Z,1657,Millionaire 7,20,4000,96,42,20258.12,20345.43,1944780,854508,43.94,0.7378,0.7524
2026-09-26,2026-09-26T03:06:41.565Z,1657,Millionaire 7,20,1000,760,339,2558.92,2520.67,1944780,854508,43.94,0.7378,0.7524
2026-09-26,2026-09-26T03:06:41.565Z,1657,Millionaire 7,20,500,2431,1059,799.99,806.9,1944780,854508,43.94,0.7378,0.7524
2026-09-26,2026-09-26T03:06:41.565Z,1657,Millionaire 7,20,400,932,412,2086.67,2074.05,1944780,854508,43.94,0.7378,0.7524
2026-09-26,2026-09-26T03:06:41.565Z,1657,Millionaire 7,20,200,9011,3939,215.82,216.94,1944780,854508,43.94,0.7378,0.7524
2026-09-26,2026-09-26T03:06:41.565Z,1657,Millionaire 7,20,100,46485,20372,41.84,41.95,1944780,854508,43.94,0.7378,0.7524
2026-09-26,2026-09-26T03:06:41.565Z,1657,Millionaire 7,20,50,62532,27195,31.1,31.42,1944780,854508,43.94,0.7378,0.7524
2026-09-26,2026-09-26T03:06:41.565Z,1657,Millionaire 7,20,30,194528,85352,10.0,10.01,1944780,854508,43.94,0.7378,0.7524
2026-09-26,2026-09-26T03:06:41.565Z,1657,Millionaire 7,20,20,291642,128619,6.67,6.64,1944780,854508,43.94,0.7378,0.7524
2026-09-26,2026-09-26T03:06:41.565Z,1681,New Hampshire Holiday Winnings,20,1000,2315,866,272.11,280.05,629940,242519,38.5,0.7399,0.726
2026-09-26,2026-09-26T03:06:41.565Z,1681,New Hampshire Holiday Winnings,20,500,539,187,1168.72,1296.89,629940,242519,38.5,0.7399,0.726
2026-09-26,2026-09-26T03:06:41.565Z,1681,New Hampshire Holiday Winnings,20,200,3256,1196,193.47,202.78,629940,242519,38.5,0.7399,0.726
2026-09-26,2026-09-26T03:06:41.565Z,1681,New Hampshire Holiday Winnings,20,100,14667,5417,42.95,44.77,629940,242519,38.5,0.7399,0.726
2026-09-26,2026-09-26T03:06:41.565Z,1681,New Hampshire Holiday Winnings,20,40,20933,7757,30.09,31.26,629940,242519,38.5,0.7399,0.726
2026-09-26,2026-09-26T03:06:41.565Z,1681,New Hampshire Holiday Winnings,20,30,63050,24474,9.99,9.91,629940,242519,38.5,0.7399,0.726
2026-09-26,2026-09-26T03:06:41.565Z,1681,New Hampshire Holiday Winnings,20,20,94537,36830,6.66,6.58,629940,242519,38.5,0.7399,0.726
2026-09-26,2026-09-26T03:06:41.565Z,1687,VIP Bonus Deluxe,20,1000000,4,2,281932.5,332963.5,1127730,665927,59.05,0.7882,0.7559
2026-09-26,2026-09-26T03:06:41.565Z,1687,VIP Bonus Deluxe,20,50000,4,2,281932.5,332963.5,1127730,665927,59.05,0.7882,0.7559
2026-09-26,2026-09-26T03:06:41.565Z,1687,VIP Bonus Deluxe,20,5000,20,12,56386.5,55493.92,1127730,665927,59.05,0.7882,0.7559
2026-09-26,2026-09-26T03:06:41.565Z,1687,VIP Bonus Deluxe,20,1000,184,111,6128.97,5999.34,1127730,665927,59.05,0.7882,0.7559
2026-09-26,2026-09-26T03:06:41.565Z,1687,VIP Bonus Deluxe,20,500,1862,1072,605.66,621.2,1127730,665927,59.05,0.7882,0.7559
2026-09-26,2026-09-26T03:06:41.565Z,1687,VIP Bonus Deluxe,20,400,482,276,2339.69,2412.78,1127730,665927,59.05,0.7882,0.7559
2026-09-26,2026-09-26T03:06:41.565Z,1687,VIP Bonus Deluxe,20,200,4202,2456,268.38,271.14,1127730,665927,59.05,0.7882,0.7559
2026-09-26,2026-09-26T03:06:41.565Z,1687,VIP Bonus Deluxe,20,100,32860,19100,34.32,34.87,1127730,665927,59.05,0.7882,0.7559
2026-09-26,2026-09-26T03:06:41.565Z,1687,VIP Bonus Deluxe,20,50,33042,19264,34.13,34.57,1127730,665927,59.05,0.7882,0.7559
2026-09-26,2026-09-26T03:06:41.565Z,1687,VIP Bonus Deluxe,20,30,75265,44461,14.98,14.98,1127730,665927,59.05,0.7882,0.7559
2026-09-26,2026-09-26T03:06:41.565Z,1687,VIP Bonus Deluxe,20,20,206646,122619,5.46,5.43,1127730,665927,59.05,0.7882,0.7559
2026-09-26,2026-09-26T03:06:41.565Z,1608,$50 or $100 Series V,10,100,61435,1005,26.66,30.34,1637950,30496,1.86,0.7252,0.7024
2026-09-26,2026-09-26T03:06:41.565Z,1608,$50 or $100 Series V,10,50,114684,2274,14.28,13.41,1637950,30496,1.86,0.7252,0.7024
2026-09-26,2026-09-26T03:06:41.565Z,1650,$50 or $100 Series VI,10,100,28360,738,26.66,30.46,756000,22478,2.97,0.7252,0.7018
2026-09-26,2026-09-26T03:06:41.565Z,1650,$50 or $100 Series VI,10,50,52932,1679,14.28,13.39,756000,22478,2.97,0.7252,0.7018
2026-09-26,2026-09-26T03:06:41.565Z,1624,"$500,000 Fortunes Series IV",10,500000,5,3,1027430.0,727729.33,5137150,2183188,42.5,0.7244,0.7367
2026-09-26,2026-09-26T03:06:41.565Z,1624,"$500,000 Fortunes Series IV",10,50000,8,3,642143.75,727729.33,5137150,2183188,42.5,0.7244,0.7367
2026-09-26,2026-09-26T03:06:41.565Z,1624,"$500,000 Fortunes Series IV",10,10000,45,18,114158.89,121288.22,5137150,2183188,42.5,0.7244,0.7367
2026-09-26,2026-09-26T03:06:41.565Z,1624,"$500,000 Fortunes Series IV",10,1000,2264,955,2269.06,2286.06,5137150,2183188,42.5,0.7244,0.7367
2026-09-26,2026-09-26T03:06:41.565Z,1624,"$500,000 Fortunes Series IV",10,500,4108,1713,1250.52,1274.48,5137150,2183188,42.5,0.7244,0.7367
2026-09-26,2026-09-26T03:06:41.565Z,1624,"$500,000 Fortunes Series IV",10,200,2564,1060,2003.57,2059.61,5137150,2183188,42.5,0.7244,0.7367
2026-09-26,2026-09-26T03:06:41.565Z,1624,"$500,000 Fortunes Series IV",10,150,5128,2102,1001.78,1038.62,5137150,2183188,42.5,0.7244,0.7367
2026-09-26,2026-09-26T03:06:41.565Z,1624,"$500,000 Fortunes Series IV",10,100,64319,26719,79.87,81.71,5137150,2183188,42.5,0.7244,0.7367
2026-09-26,2026-09-26T03:06:41.565Z,1624,"$500,000 Fortunes Series IV",10,50,51227,21273,100.28,102.63,5137150,2183188,42.5,0.7244,0.7367
2026-09-26,2026-09-26T03:06:41.565Z,1624,"$500,000 Fortunes Series IV",10,25,51516,21935,99.72,99.53,5137150,2183188,42.5,0.7244,0.7367
2026-09-26,2026-09-26T03:06:41.565Z,1624,"$500,000 Fortunes Series IV",10,20,385068,160916,13.34,13.57,5137150,2183188,42.5,0.7244,0.7367
2026-09-26,2026-09-26T03:06:41.565Z,1624,"$500,000 Fortunes Series IV",10,15,308325,132109,16.66,16.53,5137150,2183188,42.5,0.7244,0.7367
2026-09-26,2026-09-26T03:06:41.565Z,1624,"$500,000 Fortunes Series IV",10,10,565379,243147,9.09,8.98,5137150,2183188,42.5,0.7244,0.7367
2026-09-26,2026-09-26T03:06:41.565Z,1662,24K Gold,10,240000,4,1,361937.5,279144.0,1447750,279144,19.28,0.7251,0.7192
2026-09-26,2026-09-26T03:06:41.565Z,1662,24K Gold,10,2400,60,11,24129.17,25376.73,1447750,279144,19.28,0.7251,0.7192
2026-09-26,2026-09-26T03:06:41.565Z,1662,24K Gold,10,1000,244,49,5933.4,5696.82,1447750,279144,19.28,0.7251,0.7192
2026-09-26,2026-09-26T03:06:41.565Z,1662,24K Gold,10,500,366,57,3955.6,4897.26,1447750,279144,19.28,0.7251,0.7192
2026-09-26,2026-09-26T03:06:41.565Z,1662,24K Gold,10,240,7510,1325,192.78,210.67,1447750,279144,19.28,0.7251,0.7192
2026-09-26,2026-09-26T03:06:41.565Z,1662,24K Gold,10,100,10875,1859,133.13,150.16,1447750,279144,19.28,0.7251,0.7192
2026-09-26,2026-09-26T03:06:41.565Z,1662,24K Gold,10,50,14366,2498,100.78,111.75,1447750,279144,19.28,0.7251,0.7192
2026-09-26,2026-09-26T03:06:41.565Z,1662,24K Gold,10,25,34798,6632,41.6,42.09,1447750,279144,19.28,0.7251,0.7192
2026-09-26,2026-09-26T03:06:41.565Z,1662,24K Gold,10,20,36181,6429,40.01,43.42,1447750,279144,19.28,0.7251,0.7192
2026-09-26,2026-09-26T03:06:41.565Z,1662,24K Gold,10,15,144883,28331,9.99,9.85,1447750,279144,19.28,0.7251,0.7192
2026-09-26,2026-09-26T03:06:41.565Z,1662,24K Gold,10,10,159116,31553,9.1,8.85,1447750,279144,19.28,0.7251,0.7192
2026-09-26,2026-09-26T03:06:41.565Z,1669,Aces High,10,200000,4,1,306812.5,426536.0,1227250,426536,34.76,0.7232,0.6956
2026-09-26,2026-09-26T03:06:41.565Z,1669,Aces High,10,2000,92,29,13339.67,14708.14,1227250,426536,34.76,0.7232,0.6956
2026-09-26,2026-09-26T03:06:41.565Z,1669,Aces High,10,1000,264,94,4648.67,4537.62,1227250,426536,34.76,0.7232,0.6956
2026-09-26,2026-09-26T03:06:41.565Z,1669,Aces High,10,500,753,261,1629.81,1634.24,1227250,426536,34.76,0.7232,0.6956
2026-09-26,2026-09-26T03:06:41.565Z,1669,Aces High,10,200,1343,443,913.81,962.84,1227250,426536,34.76,0.7232,0.6956
2026-09-26,2026-09-26T03:06:41.565Z,1669,Aces High,10,100,13547,4495,90.59,94.89,1227250,426536,34.76,0.7232,0.6956
2026-09-26,2026-09-26T03:06:41.565Z,1669,Aces High,10,50,15297,5065,80.23,84.21,1227250,426536,34.76,0.7232,0.6956
2026-09-26,2026-09-26T03:06:41.565Z,1669,Aces High,10,30,35270,12130,34.8,35.16,1227250,426536,34.76,0.7232,0.6956
2026-09-26,2026-09-26T03:06:41.565Z,1669,Aces High,10,20,30704,10658,39.97,40.02,1227250,426536,34.76,0.7232,0.6956
2026-09-26,2026-09-26T03:06:41.565Z,1669,Aces High,10,15,122729,42855,10.0,9.95,1227250,426536,34.76,0.7232,0.6956
2026-09-26,2026-09-26T03:06:41.565Z,1669,Aces High,10,10,134946,47333,9.09,9.01,1227250,426536,34.76,0.7232,0.6956
2026-09-26,2026-09-26T03:06:41.565Z,1693,Coal 9,10,200000,4,1,270337.5,514731.0,1081350,514731,47.6,0.7256,0.6882
2026-09-26,2026-09-26T03:06:41.565Z,1693,Coal 9,10,20000,4,2,270337.5,257365.5,1081350,514731,47.6,0.7256,0.6882
2026-09-26,2026-09-26T03:06:41.565Z,1693,Coal 9,10,1000,268,133,4034.89,3870.16,1081350,514731,47.6,0.7256,0.6882
2026-09-26,2026-09-26T03:06:41.565Z,1693,Coal 9,10,500,646,298,1673.92,1727.29,1081350,514731,47.6,0.7256,0.6882
2026-09-26,2026-09-26T03:06:41.565Z,1693,Coal 9,10,400,271,118,3990.22,4362.13,1081350,514731,47.6,0.7256,0.6882
2026-09-26,2026-09-26T03:06:41.565Z,1693,Coal 9,10,250,825,385,1310.73,1336.96,1081350,514731,47.6,0.7256,0.6882
2026-09-26,2026-09-26T03:06:41.565Z,1693,Coal 9,10,100,13104,6116,82.52,84.16,1081350,514731,47.6,0.7256,0.6882
2026-09-26,2026-09-26T03:06:41.565Z,1693,Coal 9,10,50,13227,6293,81.75,81.79,1081350,514731,47.6,0.7256,0.6882
2026-09-26,2026-09-26T03:06:41.565Z,1693,Coal 9,10,25,12166,5690,88.88,90.46,1081350,514731,47.6,0.7256,0.6882
2026-09-26,2026-09-26T03:06:41.565Z,1693,Coal 9,10,20,59467,28807,18.18,17.87,1081350,514731,47.6,0.7256,0.6882
2026-09-26,2026-09-26T03:06:41.565Z,1693,Coal 9,10,15,86551,41035,12.49,12.54,1081350,514731,47.6,0.7256,0.6882
2026-09-26,2026-09-26T03:06:41.565Z,1693,Coal 9,10,10,129712,61657,8.34,8.35,1081350,514731,47.6,0.7256,0.6882
2026-09-26,2026-09-26T03:06:41.565Z,1699,Franklin's Fortunes,10,200000,4,2,281462.5,354233.5,1125850,708467,62.93,0.7224,0.7024
2026-09-26,2026-09-26T03:06:41.565Z,1699,Franklin's Fortunes,10,10000,8,5,140731.25,141693.4,1125850,708467,62.93,0.7224,0.7024
2026-09-26,2026-09-26T03:06:41.565Z,1699,Franklin's Fortunes,10,1000,161,103,6992.86,6878.32,1125850,708467,62.93,0.7224,0.7024
2026-09-26,2026-09-26T03:06:41.565Z,1699,Franklin's Fortunes,10,500,1029,618,1094.12,1146.39,1125850,708467,62.93,0.7224,0.7024
2026-09-26,2026-09-26T03:06:41.565Z,1699,Franklin's Fortunes,10,200,1317,817,854.86,867.16,1125850,708467,62.93,0.7224,0.7024
2026-09-26,2026-09-26T03:06:41.565Z,1699,Franklin's Fortunes,10,100,15503,9573,72.62,74.01,1125850,708467,62.93,0.7224,0.7024
2026-09-26,2026-09-26T03:06:41.565Z,1699,Franklin's Fortunes,10,50,10171,6289,110.69,112.65,1125850,708467,62.93,0.7224,0.7024
2026-09-26,2026-09-26T03:06:41.565Z,1699,Franklin's Fortunes,10,25,12583,7939,89.47,89.24,1125850,708467,62.93,0.7224,0.7024
2026-09-26,2026-09-26T03:06:41.565Z,1699,Franklin's Fortunes,10,20,90070,56354,12.5,12.57,1125850,708467,62.93,0.7224,0.7024
2026-09-26,2026-09-26T03:06:41.565Z,1699,Franklin's Fortunes,10,15,67551,42678,16.67,16.6,1125850,708467,62.93,0.7224,0.7024
2026-09-26,2026-09-26T03:06:41.565Z,1699,Franklin's Fortunes,10,10,112581,71312,10.0,9.93,1125850,708467,62.93,0.7224,0.7024
2026-09-26,2026-09-26T03:06:41.565Z,1680,Holiday Magic,10,500,2623,101,240.16,398.61,629950,40260,6.39,0.7249,0.6007
2026-09-26,2026-09-26T03:06:41.565Z,1680,Holiday Magic,10,100,5994,268,105.1,150.22,629950,40260,6.39,0.7249,0.6007
2026-09-26,2026-09-26T03:06:41.565Z,1680,Holiday Magic,10,50,5543,254,113.65,158.5,629950,40260,6.39,0.7249,0.6007
2026-09-26,2026-09-26T03:06:41.565Z,1680,Holiday Magic,10,30,14182,760,44.42,52.97,629950,40260,6.39,0.7249,0.6007
2026-09-26,2026-09-26T03:06:41.565Z,1680,Holiday Magic,10,20,15716,954,40.08,42.2,629950,40260,6.39,0.7249,0.6007
2026-09-26,2026-09-26T03:06:41.565Z,1680,Holiday Magic,10,15,63075,4122,9.99,9.77,629950,40260,6.39,0.7249,0.6007
2026-09-26,2026-09-26T03:06:41.565Z,1680,Holiday Magic,10,10,69240,4813,9.1,8.36,629950,40260,6.39,0.7249,0.6007
2026-09-26,2026-09-26T03:06:41.565Z,1673,JURASSIC PARK®,10,200000,4,0,250537.5,,1002150,59417,5.93,0.7207,0.5856
2026-09-26,2026-09-26T03:06:41.565Z,1673,JURASSIC PARK®,10,5000,29,2,34556.9,29708.5,1002150,59417,5.93,0.7207,0.5856
2026-09-26,2026-09-26T03:06:41.565Z,1673,JURASSIC PARK®,10,1000,275,20,3644.18,2970.85,1002150,59417,5.93,0.7207,0.5856
2026-09-26,2026-09-26T03:06:41.565Z,1673,JURASSIC PARK®,10,500,645,25,1553.72,2376.68,1002150,59417,5.93,0.7207,0.5856
2026-09-26,2026-09-26T03:06:41.565Z,1673,JURASSIC PARK®,10,200,1945,85,515.24,699.02,1002150,59417,5.93,0.7207,0.5856
2026-09-26,2026-09-26T03:06:41.565Z,1673,JURASSIC PARK®,10,100,8813,386,113.71,153.93,1002150,59417,5.93,0.7207,0.5856
2026-09-26,2026-09-26T03:06:41.565Z,1673,JURASSIC PARK®,10,40,30077,1400,33.32,42.44,1002150,59417,5.93,0.7207,0.5856
2026-09-26,2026-09-26T03:06:41.565Z,1673,JURASSIC PARK®,10,20,40129,2158,24.97,27.53,1002150,59417,5.93,0.7207,0.5856
2026-09-26,2026-09-26T03:06:41.565Z,1673,JURASSIC PARK®,10,15,80038,4813,12.52,12.35,1002150,59417,5.93,0.7207,0.5856
2026-09-26,2026-09-26T03:06:41.565Z,1673,JURASSIC PARK®,10,10,120323,7847,8.33,7.57,1002150,59417,5.93,0.7207,0.5856
2026-09-26,2026-09-26T03:06:41.565Z,1702,Money Madness Extra Play,10,200000,4,3,282950.0,281408.67,1131800,844226,74.59,0.7263,0.7244
2026-09-26,2026-09-26T03:06:41.565Z,1702,Money Madness Extra Play,10,10000,12,9,94316.67,93802.89,1131800,844226,74.59,0.7263,0.7244
2026-09-26,2026-09-26T03:06:41.565Z,1702,Money Madness Extra Play,10,1000,242,189,4676.86,4466.8,1131800,844226,74.59,0.7263,0.7244
2026-09-26,2026-09-26T03:06:41.565Z,1702,Money Madness Extra Play,10,500,882,644,1283.22,1310.91,1131800,844226,74.59,0.7263,0.7244
2026-09-26,2026-09-26T03:06:41.565Z,1702,Money Madness Extra Play,10,200,2937,2157,385.36,391.39,1131800,844226,74.59,0.7263,0.7244
2026-09-26,2026-09-26T03:06:41.565Z,1702,Money Madness Extra Play,10,100,9860,7268,114.79,116.16,1131800,844226,74.59,0.7263,0.7244
2026-09-26,2026-09-26T03:06:41.565Z,1702,Money Madness Extra Play,10,50,12228,8995,92.56,93.86,1131800,844226,74.59,0.7263,0.7244
2026-09-26,2026-09-26T03:06:41.565Z,1702,Money Madness Extra Play,10,25,14330,10666,78.98,79.15,1131800,844226,74.59,0.7263,0.7244
2026-09-26,2026-09-26T03:06:41.565Z,1702,Money Madness Extra Play,10,20,84875,63102,13.33,13.38,1131800,844226,74.59,0.7263,0.7244
2026-09-26,2026-09-26T03:06:41.565Z,1702,Money Madness Extra Play,10,15,67972,50801,16.65,16.62,1131800,844226,74.59,0.7263,0.7244
2026-09-26,2026-09-26T03:06:41.565Z,1702,Money Madness Extra Play,10,10,135740,101633,8.34,8.31,1131800,844226,74.59,0.7263,0.7244
2026-09-26,2026-09-26T03:06:41.565Z,1706,Six Figures,10,200000,4,3,282050.0,336987.67,1128200,1010963,89.61,0.7218,0.7109
2026-09-26,2026-09-26T03:06:41.565Z,1706,Six Figures,10,20000,5,5,225640.0,202192.6,1128200,1010963,89.61,0.7218,0.7109
2026-09-26,2026-09-26T03:06:41.565Z,1706,Six Figures,10,1000,348,316,3241.95,3199.25,1128200,1010963,89.61,0.7218,0.7109
2026-09-26,2026-09-26T03:06:41.565Z,1706,Six Figures,10,500,942,834,1197.66,1212.19,1128200,1010963,89.61,0.7218,0.7109
2026-09-26,2026-09-26T03:06:41.565Z,1706,Six Figures,10,200,1646,1481,685.42,682.62,1128200,1010963,89.61,0.7218,0.7109
2026-09-26,2026-09-26T03:06:41.565Z,1706,Six Figures,10,120,2683,2404,420.5,420.53,1128200,1010963,89.61,0.7218,0.7109
2026-09-26,2026-09-26T03:06:41.565Z,1706,Six Figures,10,100,6470,5772,174.37,175.15,1128200,1010963,89.61,0.7218,0.7109
2026-09-26,2026-09-26T03:06:41.565Z,1706,Six Figures,10,60,8964,8017,125.86,126.1,1128200,1010963,89.61,0.7218,0.7109
2026-09-26,2026-09-26T03:06:41.565Z,1706,Six Figures,10,30,21326,19079,52.9,52.99,1128200,1010963,89.61,0.7218,0.7109
2026-09-26,2026-09-26T03:06:41.565Z,1706,Six Figures,10,20,67692,60621,16.67,16.68,1128200,1010963,89.61,0.7218,0.7109
2026-09-26,2026-09-26T03:06:41.565Z,1706,Six Figures,10,15,90256,80832,12.5,12.51,1128200,1010963,89.61,0.7218,0.7109
2026-09-26,2026-09-26T03:06:41.565Z,1706,Six Figures,10,10,124102,111360,9.09,9.08,1128200,1010963,89.61,0.7218,0.7109
2026-09-26,2026-09-26T03:06:41.565Z,1696,Stroke of Luck,10,200000,4,4,282762.5,175290.5,1131050,701162,61.99,0.7218,0.7614
2026-09-26,2026-09-26T03:06:41.565Z,1696,Stroke of Luck,10,10000,8,5,141381.25,140232.4,1131050,701162,61.99,0.7218,0.7614
2026-09-26,2026-09-26T03:06:41.565Z,1696,Stroke of Luck,10,1000,195,125,5800.26,5609.3,1131050,701162,61.99,0.7218,0.7614
2026-09-26,2026-09-26T03:06:41.565Z,1696,Stroke of Luck,10,500,1220,738,927.09,950.08,1131050,701162,61.99,0.7218,0.7614
2026-09-26,2026-09-26T03:06:41.565Z,1696,Stroke of Luck,10,200,1364,824,829.22,850.92,1131050,701162,61.99,0.7218,0.7614
2026-09-26,2026-09-26T03:06:41.565Z,1696,Stroke of Luck,10,150,3727,2275,303.47,308.2,1131050,701162,61.99,0.7218,0.7614
2026-09-26,2026-09-26T03:06:41.565Z,1696,Stroke of Luck,10,100,8052,4929,140.47,142.25,1131050,701162,61.99,0.7218,0.7614
2026-09-26,2026-09-26T03:06:41.565Z,1696,Stroke of Luck,10,50,11359,6935,99.57,101.1,1131050,701162,61.99,0.7218,0.7614
2026-09-26,2026-09-26T03:06:41.565Z,1696,Stroke of Luck,10,25,12629,7822,89.56,89.64,1131050,701162,61.99,0.7218,0.7614
2026-09-26,2026-09-26T03:06:41.565Z,1696,Stroke of Luck,10,20,84836,52154,13.33,13.44,1131050,701162,61.99,0.7218,0.7614
2026-09-26,2026-09-26T03:06:41.565Z,1696,Stroke of Luck,10,15,67863,42312,16.67,16.57,1131050,701162,61.99,0.7218,0.7614
2026-09-26,2026-09-26T03:06:41.565Z,1696,Stroke of Luck,10,10,124401,77560,9.09,9.04,1131050,701162,61.99,0.7218,0.7614
2026-09-26,2026-09-26T03:06:41.565Z,1643,The Big 10,10,250000,4,0,370312.5,,1481250,271191,18.31,0.7227,0.6122
2026-09-26,2026-09-26T03:06:41.565Z,1643,The Big 10,10,5000,36,4,41145.83,67797.75,1481250,271191,18.31,0.7227,0.6122
2026-09-26,2026-09-26T03:06:41.565Z,1643,The Big 10,10,1000,243,44,6095.68,6163.43,1481250,271191,18.31,0.7227,0.6122
2026-09-26,2026-09-26T03:06:41.565Z,1643,The Big 10,10,500,744,120,1990.93,2259.93,1481250,271191,18.31,0.7227,0.6122
2026-09-26,2026-09-26T03:06:41.565Z,1643,The Big 10,10,200,1991,285,743.97,951.55,1481250,271191,18.31,0.7227,0.6122
2026-09-26,2026-09-26T03:06:41.565Z,1643,The Big 10,10,100,22986,3604,64.44,75.25,1481250,271191,18.31,0.7227,0.6122
2026-09-26,2026-09-26T03:06:41.565Z,1643,The Big 10,10,50,14662,2369,101.03,114.47,1481250,271191,18.31,0.7227,0.6122
2026-09-26,2026-09-26T03:06:41.565Z,1643,The Big 10,10,30,29625,4867,50.0,55.72,1481250,271191,18.31,0.7227,0.6122
2026-09-26,2026-09-26T03:06:41.565Z,1643,The Big 10,10,20,37029,6154,40.0,44.07,1481250,271191,18.31,0.7227,0.6122
2026-09-26,2026-09-26T03:06:41.565Z,1643,The Big 10,10,15,148183,27985,10.0,9.69,1481250,271191,18.31,0.7227,0.6122
2026-09-26,2026-09-26T03:06:41.565Z,1643,The Big 10,10,10,162855,31162,9.1,8.7,1481250,271191,18.31,0.7227,0.6122
2026-09-26,2026-09-26T03:06:41.565Z,1686,VIP Super Bonus,10,200000,4,2,282775.0,239675.5,1131100,479351,42.38,0.7218,0.7266
2026-09-26,2026-09-26T03:06:41.565Z,1686,VIP Super Bonus,10,10000,6,3,188516.67,159783.67,1131100,479351,42.38,0.7218,0.7266
2026-09-26,2026-09-26T03:06:41.565Z,1686,VIP Super Bonus,10,1000,316,136,3579.43,3524.64,1131100,479351,42.38,0.7218,0.7266
2026-09-26,2026-09-26T03:06:41.565Z,1686,VIP Super Bonus,10,500,317,138,3568.14,3473.56,1131100,479351,42.38,0.7218,0.7266
2026-09-26,2026-09-26T03:06:41.565Z,1686,VIP Super Bonus,10,400,751,309,1506.13,1551.3,1131100,479351,42.38,0.7218,0.7266
2026-09-26,2026-09-26T03:06:41.565Z,1686,VIP Super Bonus,10,250,1267,517,892.74,927.18,1131100,479351,42.38,0.7218,0.7266
2026-09-26,2026-09-26T03:06:41.565Z,1686,VIP Super Bonus,10,100,13185,5297,85.79,90.49,1131100,479351,42.38,0.7218,0.7266
2026-09-26,2026-09-26T03:06:41.565Z,1686,VIP Super Bonus,10,50,15674,6418,72.16,74.69,1131100,479351,42.38,0.7218,0.7266
2026-09-26,2026-09-26T03:06:41.565Z,1686,VIP Super Bonus,10,25,10572,4374,106.99,109.59,1131100,479351,42.38,0.7218,0.7266
2026-09-26,2026-09-26T03:06:41.565Z,1686,VIP Super Bonus,10,20,62230,26118,18.18,18.35,1131100,479351,42.38,0.7218,0.7266
2026-09-26,2026-09-26T03:06:41.565Z,1686,VIP Super Bonus,10,15,90412,38610,12.51,12.42,1131100,479351,42.38,0.7218,0.7266
2026-09-26,2026-09-26T03:06:41.565Z,1686,VIP Super Bonus,10,10,124496,53365,9.09,8.98,1131100,479351,42.38,0.7218,0.7266
2026-09-26,2026-09-26T03:06:41.565Z,1636,Cash Inferno,5,100000,4,1,326650.0,107618.0,1306600,107618,8.24,0.6773,0.6935
2026-09-26,2026-09-26T03:06:41.565Z,1636,Cash Inferno,5,5000,10,0,130660.0,,1306600,107618,8.24,0.6773,0.6935
2026-09-26,2026-09-26T03:06:41.565Z,1636,Cash Inferno,5,500,239,9,5466.95,11957.56,1306600,107618,8.24,0.6773,0.6935
2026-09-26,2026-09-26T03:06:41.565Z,1636,Cash Inferno,5,200,217,10,6021.2,10761.8,1306600,107618,8.24,0.6773,0.6935
2026-09-26,2026-09-26T03:06:41.565Z,1636,Cash Inferno,5,150,319,14,4095.92,7687.0,1306600,107618,8.24,0.6773,0.6935
2026-09-26,2026-09-26T03:06:41.565Z,1636,Cash Inferno,5,100,4178,222,312.73,484.77,1306600,107618,8.24,0.6773,0.6935
2026-09-26,2026-09-26T03:06:41.565Z,1636,Cash Inferno,5,50,5511,283,237.09,380.28,1306600,107618,8.24,0.6773,0.6935
2026-09-26,2026-09-26T03:06:41.565Z,1636,Cash Inferno,5,30,13066,686,100.0,156.88,1306600,107618,8.24,0.6773,0.6935
2026-09-26,2026-09-26T03:06:41.565Z,1636,Cash Inferno,5,20,39196,2379,33.34,45.24,1306600,107618,8.24,0.6773,0.6935
2026-09-26,2026-09-26T03:06:41.565Z,1636,Cash Inferno,5,10,117642,8932,11.11,12.05,1306600,107618,8.24,0.6773,0.6935
2026-09-26,2026-09-26T03:06:41.565Z,1636,Cash Inferno,5,5,143638,14152,9.1,7.6,1306600,107618,8.24,0.6773,0.6935
2026-09-26,2026-09-26T03:06:41.565Z,1661,Extreme 8’s,5,88888,4,2,361937.5,110179.5,1447750,220359,15.22,0.6123,0.6883
2026-09-26,2026-09-26T03:06:41.565Z,1661,Extreme 8’s,5,8888,10,2,144775.0,110179.5,1447750,220359,15.22,0.6123,0.6883
2026-09-26,2026-09-26T03:06:41.565Z,1661,Extreme 8’s,5,888,234,34,6186.97,6481.15,1447750,220359,15.22,0.6123,0.6883
2026-09-26,2026-09-26T03:06:41.565Z,1661,Extreme 8’s,5,188,618,80,2342.64,2754.49,1447750,220359,15.22,0.6123,0.6883
2026-09-26,2026-09-26T03:06:41.565Z,1661,Extreme 8’s,5,100,322,46,4496.12,4790.41,1447750,220359,15.22,0.6123,0.6883
2026-09-26,2026-09-26T03:06:41.565Z,1661,Extreme 8’s,5,88,9947,1249,145.55,176.43,1447750,220359,15.22,0.6123,0.6883
2026-09-26,2026-09-26T03:06:41.565Z,1661,Extreme 8’s,5,50,7169,900,201.95,244.84,1447750,220359,15.22,0.6123,0.6883
2026-09-26,2026-09-26T03:06:41.565Z,1661,Extreme 8’s,5,28,9420,1214,153.69,181.51,1447750,220359,15.22,0.6123,0.6883
2026-09-26,2026-09-26T03:06:41.565Z,1661,Extreme 8’s,5,18,26179,3634,55.3,60.64,1447750,220359,15.22,0.6123,0.6883
2026-09-26,2026-09-26T03:06:41.565Z,1661,Extreme 8’s,5,8,117822,18077,12.29,12.19,1447750,220359,15.22,0.6123,0.6883
2026-09-26,2026-09-26T03:06:41.565Z,1661,Extreme 8’s,5,5,144007,22819,10.05,9.66,1447750,220359,15.22,0.6123,0.6883
2026-09-26,2026-09-26T03:06:41.565Z,1700,Fab 4,5,100000,4,2,223200.0,247845.0,892800,495690,55.52,0.6791,0.6561
2026-09-26,2026-09-26T03:06:41.565Z,1700,Fab 4,5,1000,4,3,223200.0,165230.0,892800,495690,55.52,0.6791,0.6561
2026-09-26,2026-09-26T03:06:41.565Z,1700,Fab 4,5,500,125,62,7142.4,7995.0,892800,495690,55.52,0.6791,0.6561
2026-09-26,2026-09-26T03:06:41.565Z,1700,Fab 4,5,200,253,131,3528.85,3783.89,892800,495690,55.52,0.6791,0.6561
2026-09-26,2026-09-26T03:06:41.565Z,1700,Fab 4,5,100,2046,1064,436.36,465.87,892800,495690,55.52,0.6791,0.6561
2026-09-26,2026-09-26T03:06:41.565Z,1700,Fab 4,5,75,1140,571,783.16,868.11,892800,495690,55.52,0.6791,0.6561
2026-09-26,2026-09-26T03:06:41.565Z,1700,Fab 4,5,50,2846,1512,313.7,327.84,892800,495690,55.52,0.6791,0.6561
2026-09-26,2026-09-26T03:06:41.565Z,1700,Fab 4,5,40,4046,2115,220.66,234.37,892800,495690,55.52,0.6791,0.6561
2026-09-26,2026-09-26T03:06:41.565Z,1700,Fab 4,5,25,3602,1938,247.86,255.77,892800,495690,55.52,0.6791,0.6561
2026-09-26,2026-09-26T03:06:41.565Z,1700,Fab 4,5,20,21453,11300,41.62,43.87,892800,495690,55.52,0.6791,0.6561
2026-09-26,2026-09-26T03:06:41.565Z,1700,Fab 4,5,10,94602,52313,9.44,9.48,892800,495690,55.52,0.6791,0.6561
2026-09-26,2026-09-26T03:06:41.565Z,1700,Fab 4,5,5,91032,51775,9.81,9.57,892800,495690,55.52,0.6791,0.6561
2026-09-26,2026-09-26T03:06:41.565Z,1676,Fame & Fortune,5,100000,4,1,260300.0,77670.0,1041200,77670,7.46,0.6762,0.7819
2026-09-26,2026-09-26T03:06:41.565Z,1676,Fame & Fortune,5,1000,25,2,41648.0,38835.0,1041200,77670,7.46,0.6762,0.7819
2026-09-26,2026-09-26T03:06:41.565Z,1676,Fame & Fortune,5,500,165,5,6310.3,15534.0,1041200,77670,7.46,0.6762,0.7819
2026-09-26,2026-09-26T03:06:41.565Z,1676,Fame & Fortune,5,200,135,11,7712.59,7060.91,1041200,77670,7.46,0.6762,0.7819
2026-09-26,2026-09-26T03:06:41.565Z,1676,Fame & Fortune,5,100,3359,147,309.97,528.37,1041200,77670,7.46,0.6762,0.7819
2026-09-26,2026-09-26T03:06:41.565Z,1676,Fame & Fortune,5,50,3037,197,342.84,394.26,1041200,77670,7.46,0.6762,0.7819
2026-09-26,2026-09-26T03:06:41.565Z,1676,Fame & Fortune,5,40,7788,381,133.69,203.86,1041200,77670,7.46,0.6762,0.7819
2026-09-26,2026-09-26T03:06:41.565Z,1676,Fame & Fortune,5,25,26058,1725,39.96,45.03,1041200,77670,7.46,0.6762,0.7819
2026-09-26,2026-09-26T03:06:41.565Z,1676,Fame & Fortune,5,10,96220,6528,10.82,11.9,1041200,77670,7.46,0.6762,0.7819
2026-09-26,2026-09-26T03:06:41.565Z,1676,Fame & Fortune,5,5,114574,9754,9.09,7.96,1041200,77670,7.46,0.6762,0.7819
2026-09-26,2026-09-26T03:06:41.565Z,1694,Fat Stacks,5,100000,8,4,225737.5,261363.25,1805900,1045453,57.89,0.6772,0.6603
2026-09-26,2026-09-26T03:06:41.565Z,1694,Fat Stacks,5,1000,8,5,225737.5,209090.6,1805900,1045453,57.89,0.6772,0.6603
2026-09-26,2026-09-26T03:06:41.565Z,1694,Fat Stacks,5,500,245,136,7371.02,7687.15,1805900,1045453,57.89,0.6772,0.6603
2026-09-26,2026-09-26T03:06:41.565Z,1694,Fat Stacks,5,100,4427,2509,407.93,416.68,1805900,1045453,57.89,0.6772,0.6603
2026-09-26,2026-09-26T03:06:41.565Z,1694,Fat Stacks,5,50,16394,9290,110.16,112.54,1805900,1045453,57.89,0.6772,0.6603
2026-09-26,2026-09-26T03:06:41.565Z,1694,Fat Stacks,5,25,16031,9144,112.65,114.33,1805900,1045453,57.89,0.6772,0.6603
2026-09-26,2026-09-26T03:06:41.565Z,1694,Fat Stacks,5,20,36118,20633,50.0,50.67,1805900,1045453,57.89,0.6772,0.6603
2026-09-26,2026-09-26T03:06:41.565Z,1694,Fat Stacks,5,10,187804,108359,9.62,9.65,1805900,1045453,57.89,0.6772,0.6603
2026-09-26,2026-09-26T03:06:41.565Z,1694,Fat Stacks,5,5,184221,107683,9.8,9.71,1805900,1045453,57.89,0.6772,0.6603
2026-09-26,2026-09-26T03:06:41.565Z,1703,Gem Jam,5,100000,4,2,230175.0,316654.0,920700,633308,68.79,0.6759,0.6513
2026-09-26,2026-09-26T03:06:41.565Z,1703,Gem Jam,5,5000,12,9,76725.0,70367.56,920700,633308,68.79,0.6759,0.6513
2026-09-26,2026-09-26T03:06:41.565Z,1703,Gem Jam,5,500,68,46,13539.71,13767.57,920700,633308,68.79,0.6759,0.6513
2026-09-26,2026-09-26T03:06:41.565Z,1703,Gem Jam,5,100,2150,1494,428.23,423.9,920700,633308,68.79,0.6759,0.6513
2026-09-26,2026-09-26T03:06:41.565Z,1703,Gem Jam,5,75,754,509,1221.09,1244.22,920700,633308,68.79,0.6759,0.6513
2026-09-26,2026-09-26T03:06:41.565Z,1703,Gem Jam,5,50,7233,4926,127.29,128.56,920700,633308,68.79,0.6759,0.6513
2026-09-26,2026-09-26T03:06:41.565Z,1703,Gem Jam,5,25,7549,5211,121.96,121.53,920700,633308,68.79,0.6759,0.6513
2026-09-26,2026-09-26T03:06:41.565Z,1703,Gem Jam,5,20,18414,12474,50.0,50.77,920700,633308,68.79,0.6759,0.6513
2026-09-26,2026-09-26T03:06:41.565Z,1703,Gem Jam,5,10,101277,69283,9.09,9.14,920700,633308,68.79,0.6759,0.6513
2026-09-26,2026-09-26T03:06:41.565Z,1703,Gem Jam,5,5,82863,57597,11.11,11.0,920700,633308,68.79,0.6759,0.6513
2026-09-26,2026-09-26T03:06:41.565Z,1668,Hi or Lo,5,100000,4,2,327125.0,280818.5,1308500,561637,42.92,0.6776,0.6658
2026-09-26,2026-09-26T03:06:41.565Z,1668,Hi or Lo,5,5000,10,3,130850.0,187212.33,1308500,561637,42.92,0.6776,0.6658
2026-09-26,2026-09-26T03:06:41.565Z,1668,Hi or Lo,5,500,213,78,6143.19,7200.47,1308500,561637,42.92,0.6776,0.6658
2026-09-26,2026-09-26T03:06:41.565Z,1668,Hi or Lo,5,200,330,126,3965.15,4457.44,1308500,561637,42.92,0.6776,0.6658
2026-09-26,2026-09-26T03:06:41.565Z,1668,Hi or Lo,5,100,4739,1915,276.11,293.28,1308500,561637,42.92,0.6776,0.6658
2026-09-26,2026-09-26T03:06:41.565Z,1668,Hi or Lo,5,50,14406,5785,90.83,97.09,1308500,561637,42.92,0.6776,0.6658
2026-09-26,2026-09-26T03:06:41.565Z,1668,Hi or Lo,5,25,10442,4279,125.31,131.25,1308500,561637,42.92,0.6776,0.6658
2026-09-26,2026-09-26T03:06:41.565Z,1668,Hi or Lo,5,20,22900,9415,57.14,59.65,1308500,561637,42.92,0.6776,0.6658
2026-09-26,2026-09-26T03:06:41.565Z,1668,Hi or Lo,5,10,117779,49421,11.11,11.36,1308500,561637,42.92,0.6776,0.6658
2026-09-26,2026-09-26T03:06:41.565Z,1668,Hi or Lo,5,5,143902,64063,9.09,8.77,1308500,561637,42.92,0.6776,0.6658
2026-09-26,2026-09-26T03:06:41.565Z,1697,Joker's Wild,5,100000,4,1,228450.0,319453.0,913800,319453,34.96,0.6763,0.6368
2026-09-26,2026-09-26T03:06:41.565Z,1697,Joker's Wild,5,1000,4,3,228450.0,106484.33,913800,319453,34.96,0.6763,0.6368
2026-09-26,2026-09-26T03:06:41.565Z,1697,Joker's Wild,5,500,112,38,8158.93,8406.66,913800,319453,34.96,0.6763,0.6368
2026-09-26,2026-09-26T03:06:41.565Z,1697,Joker's Wild,5,100,2700,898,338.44,355.74,913800,319453,34.96,0.6763,0.6368
2026-09-26,2026-09-26T03:06:41.565Z,1697,Joker's Wild,5,50,6800,2176,134.38,146.81,913800,319453,34.96,0.6763,0.6368
2026-09-26,2026-09-26T03:06:41.565Z,1697,Joker's Wild,5,30,6409,2104,142.58,151.83,913800,319453,34.96,0.6763,0.6368
2026-09-26,2026-09-26T03:06:41.565Z,1697,Joker's Wild,5,20,18232,6066,50.12,52.66,913800,319453,34.96,0.6763,0.6368
2026-09-26,2026-09-26T03:06:41.565Z,1697,Joker's Wild,5,10,100606,34597,9.08,9.23,913800,319453,34.96,0.6763,0.6368
2026-09-26,2026-09-26T03:06:41.565Z,1697,Joker's Wild,5,5,91380,33210,10.0,9.62,913800,319453,34.96,0.6763,0.6368
2026-09-26,2026-09-26T03:06:41.565Z,1709,Kaboom,5,100000,4,3,221325.0,261686.67,885300,785060,88.68,0.6804,0.6651
2026-09-26,2026-09-26T03:06:41.565Z,1709,Kaboom,5,1000,52,47,17025.0,16703.4,885300,785060,88.68,0.6804,0.6651
2026-09-26,2026-09-26T03:06:41.565Z,1709,Kaboom,5,500,223,195,3969.96,4025.95,885300,785060,88.68,0.6804,0.6651
2026-09-26,2026-09-26T03:06:41.565Z,1709,Kaboom,5,100,2760,2433,320.76,322.67,885300,785060,88.68,0.6804,0.6651
2026-09-26,2026-09-26T03:06:41.565Z,1709,Kaboom,5,50,8035,7084,110.18,110.82,885300,785060,88.68,0.6804,0.6651
2026-09-26,2026-09-26T03:06:41.565Z,1709,Kaboom,5,20,17706,15652,50.0,50.16,885300,785060,88.68,0.6804,0.6651
2026-09-26,2026-09-26T03:06:41.565Z,1709,Kaboom,5,10,97383,86181,9.09,9.11,885300,785060,88.68,0.6804,0.6651
2026-09-26,2026-09-26T03:06:41.565Z,1709,Kaboom,5,5,88530,78789,10.0,9.96,885300,785060,88.68,0.6804,0.6651
2026-09-26,2026-09-26T03:06:41.565Z,1690,Lucky 603,5,100000,4,0,227925.0,,911700,167834,18.41,0.6769,0.5598
2026-09-26,2026-09-26T03:06:41.565Z,1690,Lucky 603,5,1000,5,1,182340.0,167834.0,911700,167834,18.41,0.6769,0.5598
2026-09-26,2026-09-26T03:06:41.565Z,1690,Lucky 603,5,500,147,22,6202.04,7628.82,911700,167834,18.41,0.6769,0.5598
2026-09-26,2026-09-26T03:06:41.565Z,1690,Lucky 603,5,200,215,32,4240.47,5244.81,911700,167834,18.41,0.6769,0.5598
2026-09-26,2026-09-26T03:06:41.565Z,1690,Lucky 603,5,100,2948,494,309.26,339.74,911700,167834,18.41,0.6769,0.5598
2026-09-26,2026-09-26T03:06:41.565Z,1690,Lucky 603,5,50,5838,927,156.17,181.05,911700,167834,18.41,0.6769,0.5598
2026-09-26,2026-09-26T03:06:41.565Z,1690,Lucky 603,5,30,3609,593,252.62,283.03,911700,167834,18.41,0.6769,0.5598
2026-09-26,2026-09-26T03:06:41.565Z,1690,Lucky 603,5,20,20057,3364,45.46,49.89,911700,167834,18.41,0.6769,0.5598
2026-09-26,2026-09-26T03:06:41.565Z,1690,Lucky 603,5,10,96628,17247,9.44,9.73,911700,167834,18.41,0.6769,0.5598
2026-09-26,2026-09-26T03:06:41.565Z,1690,Lucky 603,5,5,100313,19617,9.09,8.56,911700,167834,18.41,0.6769,0.5598
2026-09-26,2026-09-26T03:06:41.565Z,1708,Patriots®,5,250,1994,1702,463.34,465.62,923900,792485,85.78,0.6802,0.6777
2026-09-26,2026-09-26T03:06:41.565Z,1708,Patriots®,5,150,204,169,4528.92,4689.26,923900,792485,85.78,0.6802,0.6777
2026-09-26,2026-09-26T03:06:41.565Z,1708,Patriots®,5,100,2858,2436,323.27,325.32,923900,792485,85.78,0.6802,0.6777
2026-09-26,2026-09-26T03:06:41.565Z,1708,Patriots®,5,50,6402,5445,144.31,145.54,923900,792485,85.78,0.6802,0.6777
2026-09-26,2026-09-26T03:06:41.565Z,1708,Patriots®,5,40,2196,1866,420.72,424.7,923900,792485,85.78,0.6802,0.6777
2026-09-26,2026-09-26T03:06:41.565Z,1708,Patriots®,5,25,2843,2422,324.97,327.2,923900,792485,85.78,0.6802,0.6777
2026-09-26,2026-09-26T03:06:41.565Z,1708,Patriots®,5,20,23110,19736,39.98,40.15,923900,792485,85.78,0.6802,0.6777
2026-09-26,2026-09-26T03:06:41.565Z,1708,Patriots®,5,10,90088,77035,10.26,10.29,923900,792485,85.78,0.6802,0.6777
2026-09-26,2026-09-26T03:06:41.565Z,1708,Patriots®,5,5,97028,83663,9.52,9.47,923900,792485,85.78,0.6802,0.6777
2026-09-26,2026-09-26T03:06:41.565Z,1689,Top Secret Money Puzzle,5,100000,4,0,261200.0,,1044800,291394,27.89,0.6755,0.5425
2026-09-26,2026-09-26T03:06:41.565Z,1689,Top Secret Money Puzzle,5,2000,6,0,174133.33,,1044800,291394,27.89,0.6755,0.5425
2026-09-26,2026-09-26T03:06:41.565Z,1689,Top Secret Money Puzzle,5,500,116,26,9006.9,11207.46,1044800,291394,27.89,0.6755,0.5425
2026-09-26,2026-09-26T03:06:41.565Z,1689,Top Secret Money Puzzle,5,200,378,83,2764.02,3510.77,1044800,291394,27.89,0.6755,0.5425
2026-09-26,2026-09-26T03:06:41.565Z,1689,Top Secret Money Puzzle,5,125,516,112,2024.81,2601.73,1044800,291394,27.89,0.6755,0.5425
2026-09-26,2026-09-26T03:06:41.565Z,1689,Top Secret Money Puzzle,5,100,1370,287,762.63,1015.31,1044800,291394,27.89,0.6755,0.5425
2026-09-26,2026-09-26T03:06:41.565Z,1689,Top Secret Money Puzzle,5,75,1886,417,553.98,698.79,1044800,291394,27.89,0.6755,0.5425
2026-09-26,2026-09-26T03:06:41.565Z,1689,Top Secret Money Puzzle,5,50,6530,1507,160.0,193.36,1044800,291394,27.89,0.6755,0.5425
2026-09-26,2026-09-26T03:06:41.565Z,1689,Top Secret Money Puzzle,5,30,4354,995,239.96,292.86,1044800,291394,27.89,0.6755,0.5425
2026-09-26,2026-09-26T03:06:41.565Z,1689,Top Secret Money Puzzle,5,25,16706,3815,62.54,76.38,1044800,291394,27.89,0.6755,0.5425
2026-09-26,2026-09-26T03:06:41.565Z,1689,Top Secret Money Puzzle,5,20,10448,2424,100.0,120.21,1044800,291394,27.89,0.6755,0.5425
2026-09-26,2026-09-26T03:06:41.565Z,1689,Top Secret Money Puzzle,5,15,8347,1979,125.17,147.24,1044800,291394,27.89,0.6755,0.5425
2026-09-26,2026-09-26T03:06:41.565Z,1689,Top Secret Money Puzzle,5,10,83577,22602,12.5,12.89,1044800,291394,27.89,0.6755,0.5425
2026-09-26,2026-09-26T03:06:41.565Z,1689,Top Secret Money Puzzle,5,5,119137,36419,8.77,8.0,1044800,291394,27.89,0.6755,0.5425
2026-09-26,2026-09-26T03:06:41.565Z,1685,VIP Triple Bonus,5,100000,5,1,261520.0,421864.0,1307600,421864,32.26,0.6768,0.6248
2026-09-26,2026-09-26T03:06:41.565Z,1685,VIP Triple Bonus,5,5000,11,3,118872.73,140621.33,1307600,421864,32.26,0.6768,0.6248
2026-09-26,2026-09-26T03:06:41.565Z,1685,VIP Triple Bonus,5,1000,64,22,20431.25,19175.64,1307600,421864,32.26,0.6768,0.6248
2026-09-26,2026-09-26T03:06:41.565Z,1685,VIP Triple Bonus,5,500,164,47,7973.17,8975.83,1307600,421864,32.26,0.6768,0.6248
2026-09-26,2026-09-26T03:06:41.565Z,1685,VIP Triple Bonus,5,250,203,52,6441.38,8112.77,1307600,421864,32.26,0.6768,0.6248
2026-09-26,2026-09-26T03:06:41.565Z,1685,VIP Triple Bonus,5,100,3454,1028,378.58,410.37,1307600,421864,32.26,0.6768,0.6248
2026-09-26,2026-09-26T03:06:41.565Z,1685,VIP Triple Bonus,5,50,13076,3814,100.0,110.61,1307600,421864,32.26,0.6768,0.6248
2026-09-26,2026-09-26T03:06:41.565Z,1685,VIP Triple Bonus,5,25,7589,2271,172.3,185.76,1307600,421864,32.26,0.6768,0.6248
2026-09-26,2026-09-26T03:06:41.565Z,1685,VIP Triple Bonus,5,20,39228,12020,33.33,35.1,1307600,421864,32.26,0.6768,0.6248
2026-09-26,2026-09-26T03:06:41.565Z,1685,VIP Triple Bonus,5,10,98012,31373,13.34,13.45,1307600,421864,32.26,0.6768,0.6248
2026-09-26,2026-09-26T03:06:41.565Z,1685,VIP Triple Bonus,5,5,143952,48014,9.08,8.79,1307600,421864,32.26,0.6768,0.6248
2026-09-26,2026-09-26T03:06:41.565Z,1695,Casino Nights,3,50000,4,2,258700.0,260767.5,1034800,521535,50.4,0.6279,0.6208
2026-09-26,2026-09-26T03:06:41.565Z,1695,Casino Nights,3,1000,5,3,206960.0,173845.0,1034800,521535,50.4,0.6279,0.6208
2026-09-26,2026-09-26T03:06:41.565Z,1695,Casino Nights,3,500,61,31,16963.93,16823.71,1034800,521535,50.4,0.6279,0.6208
2026-09-26,2026-09-26T03:06:41.565Z,1695,Casino Nights,3,200,104,50,9950.0,10430.7,1034800,521535,50.4,0.6279,0.6208
2026-09-26,2026-09-26T03:06:41.565Z,1695,Casino Nights,3,100,506,244,2045.06,2137.44,1034800,521535,50.4,0.6279,0.6208
2026-09-26,2026-09-26T03:06:41.565Z,1695,Casino Nights,3,75,317,150,3264.35,3476.9,1034800,521535,50.4,0.6279,0.6208
2026-09-26,2026-09-26T03:06:41.565Z,1695,Casino Nights,3,50,1793,869,577.13,600.16,1034800,521535,50.4,0.6279,0.6208
2026-09-26,2026-09-26T03:06:41.565Z,1695,Casino Nights,3,30,3367,1648,307.34,316.47,1034800,521535,50.4,0.6279,0.6208
2026-09-26,2026-09-26T03:06:41.565Z,1695,Casino Nights,3,20,12942,6329,79.96,82.4,1034800,521535,50.4,0.6279,0.6208
2026-09-26,2026-09-26T03:06:41.565Z,1695,Casino Nights,3,10,38798,19216,26.67,27.14,1034800,521535,50.4,0.6279,0.6208
2026-09-26,2026-09-26T03:06:41.565Z,1695,Casino Nights,3,5,87944,44261,11.77,11.78,1034800,521535,50.4,0.6279,0.6208
2026-09-26,2026-09-26T03:06:41.565Z,1695,Casino Nights,3,3,113828,58069,9.09,8.98,1034800,521535,50.4,0.6279,0.6208
2026-09-26,2026-09-26T03:06:41.565Z,1682,Cosmic Wild Bingo,3,50000,4,2,261075.0,219587.5,1044300,439175,42.05,0.6268,0.6292
2026-09-26,2026-09-26T03:06:41.565Z,1682,Cosmic Wild Bingo,3,2300,2,1,522150.0,439175.0,1044300,439175,42.05,0.6268,0.6292
2026-09-26,2026-09-26T03:06:41.565Z,1682,Cosmic Wild Bingo,3,2000,4,3,261075.0,146391.67,1044300,439175,42.05,0.6268,0.6292
2026-09-26,2026-09-26T03:06:41.565Z,1682,Cosmic Wild Bingo,3,1000,6,2,174050.0,219587.5,1044300,439175,42.05,0.6268,0.6292
2026-09-26,2026-09-26T03:06:41.565Z,1682,Cosmic Wild Bingo,3,500,19,6,54963.16,73195.83,1044300,439175,42.05,0.6268,0.6292
2026-09-26,2026-09-26T03:06:41.565Z,1682,Cosmic Wild Bingo,3,300,14,6,74592.86,73195.83,1044300,439175,42.05,0.6268,0.6292
2026-09-26,2026-09-26T03:06:41.565Z,1682,Cosmic Wild Bingo,3,250,12,5,87025.0,87835.0,1044300,439175,42.05,0.6268,0.6292
2026-09-26,2026-09-26T03:06:41.565Z,1682,Cosmic Wild Bingo,3,200,31,10,33687.1,43917.5,1044300,439175,42.05,0.6268,0.6292
2026-09-26,2026-09-26T03:06:41.565Z,1682,Cosmic Wild Bingo,3,150,83,30,12581.93,14639.17,1044300,439175,42.05,0.6268,0.6292
2026-09-26,2026-09-26T03:06:41.565Z,1682,Cosmic Wild Bingo,3,100,89,27,11733.71,16265.74,1044300,439175,42.05,0.6268,0.6292
2026-09-26,2026-09-26T03:06:41.565Z,1682,Cosmic Wild Bingo,3,90,215,77,4857.21,5703.57,1044300,439175,42.05,0.6268,0.6292
2026-09-26,2026-09-26T03:06:41.565Z,1682,Cosmic Wild Bingo,3,75,250,98,4177.2,4481.38,1044300,439175,42.05,0.6268,0.6292
2026-09-26,2026-09-26T03:06:41.565Z,1682,Cosmic Wild Bingo,3,50,1682,718,620.87,611.66,1044300,439175,42.05,0.6268,0.6292
2026-09-26,2026-09-26T03:06:41.565Z,1682,Cosmic Wild Bingo,3,30,4932,1907,211.74,230.3,1044300,439175,42.05,0.6268,0.6292
2026-09-26,2026-09-26T03:06:41.565Z,1682,Cosmic Wild Bingo,3,25,7825,3282,133.46,133.81,1044300,439175,42.05,0.6268,0.6292
2026-09-26,2026-09-26T03:06:41.565Z,1682,Cosmic Wild Bingo,3,15,13060,4982,79.96,88.15,1044300,439175,42.05,0.6268,0.6292
2026-09-26,2026-09-26T03:06:41.565Z,1682,Cosmic Wild Bingo,3,10,31264,13109,33.4,33.5,1044300,439175,42.05,0.6268,0.6292
2026-09-26,2026-09-26T03:06:41.565Z,1682,Cosmic Wild Bingo,3,5,73040,30891,14.3,14.22,1044300,439175,42.05,0.6268,0.6292
2026-09-26,2026-09-26T03:06:41.565Z,1682,Cosmic Wild Bingo,3,3,120442,51231,8.67,8.57,1044300,439175,42.05,0.6268,0.6292
2026-09-26,2026-09-26T03:06:41.565Z,1674,Money Puzzle Multiplier,3,50000,4,2,520175.0,516789.5,2080700,1033579,49.67,0.6284,0.6178
2026-09-26,2026-09-26T03:06:41.565Z,1674,Money Puzzle Multiplier,3,1000,47,24,44270.21,43065.79,2080700,1033579,49.67,0.6284,0.6178
2026-09-26,2026-09-26T03:06:41.565Z,1674,Money Puzzle Multiplier,3,200,160,74,13004.38,13967.28,2080700,1033579,49.67,0.6284,0.6178
2026-09-26,2026-09-26T03:06:41.565Z,1674,Money Puzzle Multiplier,3,100,1449,677,1435.96,1526.7,2080700,1033579,49.67,0.6284,0.6178
2026-09-26,2026-09-26T03:06:41.565Z,1674,Money Puzzle Multiplier,3,80,726,347,2865.98,2978.61,2080700,1033579,49.67,0.6284,0.6178
2026-09-26,2026-09-26T03:06:41.565Z,1674,Money Puzzle Multiplier,3,60,1158,548,1796.8,1886.09,2080700,1033579,49.67,0.6284,0.6178
2026-09-26,2026-09-26T03:06:41.565Z,1674,Money Puzzle Multiplier,3,50,1160,554,1793.71,1865.67,2080700,1033579,49.67,0.6284,0.6178
2026-09-26,2026-09-26T03:06:41.565Z,1674,Money Puzzle Multiplier,3,45,1167,559,1782.95,1848.98,2080700,1033579,49.67,0.6284,0.6178
2026-09-26,2026-09-26T03:06:41.565Z,1674,Money Puzzle Multiplier,3,24,1493,714,1393.64,1447.59,2080700,1033579,49.67,0.6284,0.6178
2026-09-26,2026-09-26T03:06:41.565Z,1674,Money Puzzle Multiplier,3,20,33236,15530,62.6,66.55,2080700,1033579,49.67,0.6284,0.6178
2026-09-26,2026-09-26T03:06:41.565Z,1674,Money Puzzle Multiplier,3,18,4117,1916,505.39,539.45,2080700,1033579,49.67,0.6284,0.6178
2026-09-26,2026-09-26T03:06:41.565Z,1674,Money Puzzle Multiplier,3,12,16629,8107,125.12,127.49,2080700,1033579,49.67,0.6284,0.6178
2026-09-26,2026-09-26T03:06:41.565Z,1674,Money Puzzle Multiplier,3,9,16673,7893,124.79,130.95,2080700,1033579,49.67,0.6284,0.6178
2026-09-26,2026-09-26T03:06:41.565Z,1674,Money Puzzle Multiplier,3,6,241667,119516,8.61,8.65,2080700,1033579,49.67,0.6284,0.6178
2026-09-26,2026-09-26T03:06:41.565Z,1674,Money Puzzle Multiplier,3,3,228858,116026,9.09,8.91,2080700,1033579,49.67,0.6284,0.6178
2026-09-26,2026-09-26T03:06:41.565Z,1664,20X Cash Multiplier,2,20000,4,0,313387.5,,1253550,203506,16.23,0.6538,0.5734
2026-09-26,2026-09-26T03:06:41.565Z,1664,20X Cash Multiplier,2,1000,20,4,62677.5,50876.5,1253550,203506,16.23,0.6538,0.5734
2026-09-26,2026-09-26T03:06:41.565Z,1664,20X Cash Multiplier,2,200,158,21,7933.86,9690.76,1253550,203506,16.23,0.6538,0.5734
2026-09-26,2026-09-26T03:06:41.565Z,1664,20X Cash Multiplier,2,100,847,125,1479.99,1628.05,1253550,203506,16.23,0.6538,0.5734
2026-09-26,2026-09-26T03:06:41.565Z,1664,20X Cash Multiplier,2,50,2638,318,475.19,639.96,1253550,203506,16.23,0.6538,0.5734
2026-09-26,2026-09-26T03:06:41.565Z,1664,20X Cash Multiplier,2,25,5506,685,227.67,297.09,1253550,203506,16.23,0.6538,0.5734
2026-09-26,2026-09-26T03:06:41.565Z,1664,20X Cash Multiplier,2,20,10460,1461,119.84,139.29,1253550,203506,16.23,0.6538,0.5734
2026-09-26,2026-09-26T03:06:41.565Z,1664,20X Cash Multiplier,2,10,16708,2433,75.03,83.64,1253550,203506,16.23,0.6538,0.5734
2026-09-26,2026-09-26T03:06:41.565Z,1664,20X Cash Multiplier,2,5,25064,3900,50.01,52.18,1253550,203506,16.23,0.6538,0.5734
2026-09-26,2026-09-26T03:06:41.565Z,1664,20X Cash Multiplier,2,4,100242,15656,12.51,13.0,1253550,203506,16.23,0.6538,0.5734
2026-09-26,2026-09-26T03:06:41.565Z,1664,20X Cash Multiplier,2,2,125349,21989,10.0,9.25,1253550,203506,16.23,0.6538,0.5734
2026-09-26,2026-09-26T03:06:41.565Z,1688,7•11•21 Multiplier,2,20000,5,1,224850.0,452732.0,1124250,452732,40.27,0.6543,0.6173
2026-09-26,2026-09-26T03:06:41.565Z,1688,7•11•21 Multiplier,2,1000,18,5,62458.33,90546.4,1124250,452732,40.27,0.6543,0.6173
2026-09-26,2026-09-26T03:06:41.565Z,1688,7•11•21 Multiplier,2,200,247,109,4551.62,4153.5,1124250,452732,40.27,0.6543,0.6173
2026-09-26,2026-09-26T03:06:41.565Z,1688,7•11•21 Multiplier,2,100,1324,494,849.13,916.46,1124250,452732,40.27,0.6543,0.6173
2026-09-26,2026-09-26T03:06:41.565Z,1688,7•11•21 Multiplier,2,50,2741,1026,410.16,441.26,1124250,452732,40.27,0.6543,0.6173
2026-09-26,2026-09-26T03:06:41.565Z,1688,7•11•21 Multiplier,2,20,11235,4344,100.07,104.22,1124250,452732,40.27,0.6543,0.6173
2026-09-26,2026-09-26T03:06:41.565Z,1688,7•11•21 Multiplier,2,10,7495,2903,150.0,155.95,1124250,452732,40.27,0.6543,0.6173
2026-09-26,2026-09-26T03:06:41.565Z,1688,7•11•21 Multiplier,2,5,30010,11808,37.46,38.34,1124250,452732,40.27,0.6543,0.6173
2026-09-26,2026-09-26T03:06:41.565Z,1688,7•11•21 Multiplier,2,4,89940,36058,12.5,12.56,1124250,452732,40.27,0.6543,0.6173
2026-09-26,2026-09-26T03:06:41.565Z,1688,7•11•21 Multiplier,2,2,112425,46117,10.0,9.82,1124250,452732,40.27,0.6543,0.6173
2026-09-26,2026-09-26T03:06:41.565Z,1698,Double Match Doubler,2,20000,4,1,214125.0,446308.0,856500,446308,52.11,0.6554,0.6032
2026-09-26,2026-09-26T03:06:41.565Z,1698,Double Match Doubler,2,1000,4,2,214125.0,223154.0,856500,446308,52.11,0.6554,0.6032
2026-09-26,2026-09-26T03:06:41.565Z,1698,Double Match Doubler,2,500,28,15,30589.29,29753.87,856500,446308,52.11,0.6554,0.6032
2026-09-26,2026-09-26T03:06:41.565Z,1698,Double Match Doubler,2,100,651,284,1315.67,1571.51,856500,446308,52.11,0.6554,0.6032
2026-09-26,2026-09-26T03:06:41.565Z,1698,Double Match Doubler,2,50,2274,1062,376.65,420.25,856500,446308,52.11,0.6554,0.6032
2026-09-26,2026-09-26T03:06:41.565Z,1698,Double Match Doubler,2,30,2692,1281,318.16,348.41,856500,446308,52.11,0.6554,0.6032
2026-09-26,2026-09-26T03:06:41.565Z,1698,Double Match Doubler,2,20,7129,3381,120.14,132.0,856500,446308,52.11,0.6554,0.6032
2026-09-26,2026-09-26T03:06:41.565Z,1698,Double Match Doubler,2,10,11437,6008,74.89,74.29,856500,446308,52.11,0.6554,0.6032
2026-09-26,2026-09-26T03:06:41.565Z,1698,Double Match Doubler,2,5,22840,11229,37.5,39.75,856500,446308,52.11,0.6554,0.6032
2026-09-26,2026-09-26T03:06:41.565Z,1698,Double Match Doubler,2,4,51388,25423,16.67,17.56,856500,446308,52.11,0.6554,0.6032
2026-09-26,2026-09-26T03:06:41.565Z,1698,Double Match Doubler,2,2,94219,51709,9.09,8.63,856500,446308,52.11,0.6554,0.6032
2026-09-26,2026-09-26T03:06:41.565Z,1640,Electric 8s,2,18888,4,0,301875.0,,1207500,153350,12.7,0.6555,0.542
2026-09-26,2026-09-26T03:06:41.565Z,1640,Electric 8s,2,500,80,8,15093.75,19168.75,1207500,153350,12.7,0.6555,0.542
2026-09-26,2026-09-26T03:06:41.565Z,1640,Electric 8s,2,200,123,11,9817.07,13940.91,1207500,153350,12.7,0.6555,0.542
2026-09-26,2026-09-26T03:06:41.565Z,1640,Electric 8s,2,100,508,54,2376.97,2839.81,1207500,153350,12.7,0.6555,0.542
2026-09-26,2026-09-26T03:06:41.565Z,1640,Electric 8s,2,80,505,45,2391.09,3407.78,1207500,153350,12.7,0.6555,0.542
2026-09-26,2026-09-26T03:06:41.565Z,1640,Electric 8s,2,50,2709,235,445.74,652.55,1207500,153350,12.7,0.6555,0.542
2026-09-26,2026-09-26T03:06:41.565Z,1640,Electric 8s,2,30,4045,367,298.52,417.85,1207500,153350,12.7,0.6555,0.542
2026-09-26,2026-09-26T03:06:41.565Z,1640,Electric 8s,2,20,12102,1158,99.78,132.43,1207500,153350,12.7,0.6555,0.542
2026-09-26,2026-09-26T03:06:41.565Z,1640,Electric 8s,2,10,12048,1264,100.22,121.32,1207500,153350,12.7,0.6555,0.542
2026-09-26,2026-09-26T03:06:41.565Z,1640,Electric 8s,2,5,48218,5495,25.04,27.91,1207500,153350,12.7,0.6555,0.542
2026-09-26,2026-09-26T03:06:41.565Z,1640,Electric 8s,2,4,36276,4337,33.29,35.36,1207500,153350,12.7,0.6555,0.542
2026-09-26,2026-09-26T03:06:41.565Z,1640,Electric 8s,2,3,40196,5123,30.04,29.93,1207500,153350,12.7,0.6555,0.542
2026-09-26,2026-09-26T03:06:41.565Z,1640,Electric 8s,2,2,112749,16137,10.71,9.5,1207500,153350,12.7,0.6555,0.542
2026-09-26,2026-09-26T03:06:41.565Z,1705,Fishing For $100s,2,100,4794,3612,183.85,184.55,881400,666603,75.63,0.655,0.6526
2026-09-26,2026-09-26T03:06:41.565Z,1705,Fishing For $100s,2,20,4386,3271,200.96,203.79,881400,666603,75.63,0.655,0.6526
2026-09-26,2026-09-26T03:06:41.565Z,1705,Fishing For $100s,2,10,5899,4389,149.42,151.88,881400,666603,75.63,0.655,0.6526
2026-09-26,2026-09-26T03:06:41.565Z,1705,Fishing For $100s,2,5,17610,13257,50.05,50.28,881400,666603,75.63,0.655,0.6526
2026-09-26,2026-09-26T03:06:41.565Z,1705,Fishing For $100s,2,4,51352,38703,17.16,17.22,881400,666603,75.63,0.655,0.6526
2026-09-26,2026-09-26T03:06:41.565Z,1705,Fishing For $100s,2,2,117576,89251,7.5,7.47,881400,666603,75.63,0.655,0.6526
2026-09-26,2026-09-26T03:06:41.565Z,1672,Haunted Hundreds,2,100,2693,239,182.97,297.56,492750,71116,14.43,0.6568,0.5276
2026-09-26,2026-09-26T03:06:41.565Z,1672,Haunted Hundreds,2,20,2473,234,199.25,303.91,492750,71116,14.43,0.6568,0.5276
2026-09-26,2026-09-26T03:06:41.565Z,1672,Haunted Hundreds,2,10,3272,384,150.6,185.2,492750,71116,14.43,0.6568,0.5276
2026-09-26,2026-09-26T03:06:41.565Z,1672,Haunted Hundreds,2,5,9844,1334,50.06,53.31,492750,71116,14.43,0.6568,0.5276
2026-09-26,2026-09-26T03:06:41.565Z,1672,Haunted Hundreds,2,4,28823,3896,17.1,18.25,492750,71116,14.43,0.6568,0.5276
2026-09-26,2026-09-26T03:06:41.565Z,1672,Haunted Hundreds,2,2,65634,10184,7.51,6.98,492750,71116,14.43,0.6568,0.5276
2026-09-26,2026-09-26T03:06:41.565Z,1675,I Heart Bacon,2,10000,4,1,188250.0,237744.0,753000,237744,31.57,0.6527,0.591
2026-09-26,2026-09-26T03:06:41.565Z,1675,I Heart Bacon,2,1000,26,4,28961.54,59436.0,753000,237744,31.57,0.6527,0.591
2026-09-26,2026-09-26T03:06:41.565Z,1675,I Heart Bacon,2,200,88,12,8556.82,19812.0,753000,237744,31.57,0.6527,0.591
2026-09-26,2026-09-26T03:06:41.565Z,1675,I Heart Bacon,2,100,747,186,1008.03,1278.19,753000,237744,31.57,0.6527,0.591
2026-09-26,2026-09-26T03:06:41.565Z,1675,I Heart Bacon,2,50,631,151,1193.34,1574.46,753000,237744,31.57,0.6527,0.591
2026-09-26,2026-09-26T03:06:41.565Z,1675,I Heart Bacon,2,20,12568,3420,59.91,69.52,753000,237744,31.57,0.6527,0.591
2026-09-26,2026-09-26T03:06:41.565Z,1675,I Heart Bacon,2,10,5003,1425,150.51,166.84,753000,237744,31.57,0.6527,0.591
2026-09-26,2026-09-26T03:06:41.565Z,1675,I Heart Bacon,2,5,20096,6258,37.47,37.99,753000,237744,31.57,0.6527,0.591
2026-09-26,2026-09-26T03:06:41.565Z,1675,I Heart Bacon,2,4,60139,18569,12.52,12.8,753000,237744,31.57,0.6527,0.591
2026-09-26,2026-09-26T03:06:41.565Z,1675,I Heart Bacon,2,2,75367,25122,9.99,9.46,753000,237744,31.57,0.6527,0.591
2026-09-26,2026-09-26T03:06:41.565Z,1642,Lucky Roll Bonus,2,20000,4,3,376012.5,275435.33,1504050,826306,54.94,0.6539,0.655
2026-09-26,2026-09-26T03:06:41.565Z,1642,Lucky Roll Bonus,2,500,84,50,17905.36,16526.12,1504050,826306,54.94,0.6539,0.655
2026-09-26,2026-09-26T03:06:41.565Z,1642,Lucky Roll Bonus,2,200,153,75,9830.39,11017.41,1504050,826306,54.94,0.6539,0.655
2026-09-26,2026-09-26T03:06:41.565Z,1642,Lucky Roll Bonus,2,100,1343,713,1119.92,1158.91,1504050,826306,54.94,0.6539,0.655
2026-09-26,2026-09-26T03:06:41.565Z,1642,Lucky Roll Bonus,2,50,4129,2151,364.26,384.15,1504050,826306,54.94,0.6539,0.655
2026-09-26,2026-09-26T03:06:41.565Z,1642,Lucky Roll Bonus,2,30,4332,2300,347.2,359.26,1504050,826306,54.94,0.6539,0.655
2026-09-26,2026-09-26T03:06:41.565Z,1642,Lucky Roll Bonus,2,20,12514,6811,120.19,121.32,1504050,826306,54.94,0.6539,0.655
2026-09-26,2026-09-26T03:06:41.565Z,1642,Lucky Roll Bonus,2,10,15063,8044,99.85,102.72,1504050,826306,54.94,0.6539,0.655
2026-09-26,2026-09-26T03:06:41.565Z,1642,Lucky Roll Bonus,2,5,60194,32906,24.99,25.11,1504050,826306,54.94,0.6539,0.655
2026-09-26,2026-09-26T03:06:41.565Z,1642,Lucky Roll Bonus,2,4,85259,46585,17.64,17.74,1504050,826306,54.94,0.6539,0.655
2026-09-26,2026-09-26T03:06:41.565Z,1642,Lucky Roll Bonus,2,2,150351,83542,10.0,9.89,1504050,826306,54.94,0.6539,0.655
2026-09-26,2026-09-26T03:06:41.565Z,1644,Money Vault Multiplier,2,20000,4,1,303675.0,347951.0,1214700,347951,28.65,0.6552,0.6247
2026-09-26,2026-09-26T03:06:41.565Z,1644,Money Vault Multiplier,2,1000,15,4,80980.0,86987.75,1214700,347951,28.65,0.6552,0.6247
2026-09-26,2026-09-26T03:06:41.565Z,1644,Money Vault Multiplier,2,500,40,11,30367.5,31631.91,1214700,347951,28.65,0.6552,0.6247
2026-09-26,2026-09-26T03:06:41.565Z,1644,Money Vault Multiplier,2,100,1125,279,1079.73,1247.14,1214700,347951,28.65,0.6552,0.6247
2026-09-26,2026-09-26T03:06:41.565Z,1644,Money Vault Multiplier,2,50,2269,596,535.35,583.81,1214700,347951,28.65,0.6552,0.6247
2026-09-26,2026-09-26T03:06:41.565Z,1644,Money Vault Multiplier,2,30,3364,840,361.09,414.23,1214700,347951,28.65,0.6552,0.6247
2026-09-26,2026-09-26T03:06:41.565Z,1644,Money Vault Multiplier,2,20,12139,3213,100.07,108.29,1214700,347951,28.65,0.6552,0.6247
2026-09-26,2026-09-26T03:06:41.565Z,1644,Money Vault Multiplier,2,10,12155,3285,99.93,105.92,1214700,347951,28.65,0.6552,0.6247
2026-09-26,2026-09-26T03:06:41.565Z,1644,Money Vault Multiplier,2,5,48588,13458,25.0,25.85,1214700,347951,28.65,0.6552,0.6247
2026-09-26,2026-09-26T03:06:41.565Z,1644,Money Vault Multiplier,2,4,78985,22728,15.38,15.31,1214700,347951,28.65,0.6552,0.6247
2026-09-26,2026-09-26T03:06:41.565Z,1644,Money Vault Multiplier,2,2,113353,33510,10.72,10.38,1214700,347951,28.65,0.6552,0.6247
2026-09-26,2026-09-26T03:06:41.565Z,1678,Nutcracker Cash,2,10000,4,1,212025.0,223148.0,848100,223148,26.31,0.655,0.5709
2026-09-26,2026-09-26T03:06:41.565Z,1678,Nutcracker Cash,2,500,72,10,11779.17,22314.8,848100,223148,26.31,0.655,0.5709
2026-09-26,2026-09-26T03:06:41.565Z,1678,Nutcracker Cash,2,200,81,17,10470.37,13126.35,848100,223148,26.31,0.655,0.5709
2026-09-26,2026-09-26T03:06:41.565Z,1678,Nutcracker Cash,2,100,735,117,1153.88,1907.25,848100,223148,26.31,0.655,0.5709
2026-09-26,2026-09-26T03:06:41.565Z,1678,Nutcracker Cash,2,50,2064,359,410.9,621.58,848100,223148,26.31,0.655,0.5709
2026-09-26,2026-09-26T03:06:41.565Z,1678,Nutcracker Cash,2,30,2816,560,301.17,398.48,848100,223148,26.31,0.655,0.5709
2026-09-26,2026-09-26T03:06:41.565Z,1678,Nutcracker Cash,2,20,7059,1462,120.14,152.63,848100,223148,26.31,0.655,0.5709
2026-09-26,2026-09-26T03:06:41.565Z,1678,Nutcracker Cash,2,10,8484,1998,99.96,111.69,848100,223148,26.31,0.655,0.5709
2026-09-26,2026-09-26T03:06:41.565Z,1678,Nutcracker Cash,2,5,33930,8549,25.0,26.1,848100,223148,26.31,0.655,0.5709
2026-09-26,2026-09-26T03:06:41.565Z,1678,Nutcracker Cash,2,4,48109,12560,17.63,17.77,848100,223148,26.31,0.655,0.5709
2026-09-26,2026-09-26T03:06:41.565Z,1678,Nutcracker Cash,2,2,84765,23864,10.01,9.35,848100,223148,26.31,0.655,0.5709
2026-09-26,2026-09-26T03:06:41.565Z,1667,Quick Deal,2,20000,4,2,304387.5,299855.0,1217550,599710,49.26,0.6546,0.6412
2026-09-26,2026-09-26T03:06:41.565Z,1667,Quick Deal,2,500,105,46,11595.71,13037.17,1217550,599710,49.26,0.6546,0.6412
2026-09-26,2026-09-26T03:06:41.565Z,1667,Quick Deal,2,100,1405,660,866.58,908.65,1217550,599710,49.26,0.6546,0.6412
2026-09-26,2026-09-26T03:06:41.565Z,1667,Quick Deal,2,50,2557,1177,476.16,509.52,1217550,599710,49.26,0.6546,0.6412
2026-09-26,2026-09-26T03:06:41.565Z,1667,Quick Deal,2,20,12179,5728,99.97,104.7,1217550,599710,49.26,0.6546,0.6412
2026-09-26,2026-09-26T03:06:41.565Z,1667,Quick Deal,2,10,12176,5869,100.0,102.18,1217550,599710,49.26,0.6546,0.6412
2026-09-26,2026-09-26T03:06:41.565Z,1667,Quick Deal,2,5,113623,55696,10.72,10.77,1217550,599710,49.26,0.6546,0.6412
2026-09-26,2026-09-26T03:06:41.565Z,1667,Quick Deal,2,2,129872,64758,9.38,9.26,1217550,599710,49.26,0.6546,0.6412
2026-09-26,2026-09-26T03:06:41.565Z,1684,VIP Double Bonus,2,20000,4,2,218737.5,170670.0,874950,341340,39.01,0.6524,0.6468
2026-09-26,2026-09-26T03:06:41.565Z,1684,VIP Double Bonus,2,1000,14,5,62496.43,68268.0,874950,341340,39.01,0.6524,0.6468
2026-09-26,2026-09-26T03:06:41.565Z,1684,VIP Double Bonus,2,200,66,22,13256.82,15515.45,874950,341340,39.01,0.6524,0.6468
2026-09-26,2026-09-26T03:06:41.565Z,1684,VIP Double Bonus,2,100,676,252,1294.3,1354.52,874950,341340,39.01,0.6524,0.6468
2026-09-26,2026-09-26T03:06:41.565Z,1684,VIP Double Bonus,2,50,2301,817,380.25,417.8,874950,341340,39.01,0.6524,0.6468
2026-09-26,2026-09-26T03:06:41.565Z,1684,VIP Double Bonus,2,25,3743,1389,233.76,245.75,874950,341340,39.01,0.6524,0.6468
2026-09-26,2026-09-26T03:06:41.565Z,1684,VIP Double Bonus,2,20,5833,2070,150.0,164.9,874950,341340,39.01,0.6524,0.6468
2026-09-26,2026-09-26T03:06:41.565Z,1684,VIP Double Bonus,2,10,10177,3843,85.97,88.82,874950,341340,39.01,0.6524,0.6468
2026-09-26,2026-09-26T03:06:41.565Z,1684,VIP Double Bonus,2,5,17496,6575,50.01,51.91,874950,341340,39.01,0.6524,0.6468
2026-09-26,2026-09-26T03:06:41.565Z,1684,VIP Double Bonus,2,4,70104,27702,12.48,12.32,874950,341340,39.01,0.6524,0.6468
2026-09-26,2026-09-26T03:06:41.565Z,1684,VIP Double Bonus,2,2,85982,33942,10.18,10.06,874950,341340,39.01,0.6524,0.6468
2026-09-26,2026-09-26T03:06:41.565Z,1718,Win It All,2,20000,4,3,277912.5,344053.33,1111650,1032160,92.85,0.6549,0.6471
2026-09-26,2026-09-26T03:06:41.565Z,1718,Win It All,2,1000,8,8,138956.25,129020.0,1111650,1032160,92.85,0.6549,0.6471
2026-09-26,2026-09-26T03:06:41.565Z,1718,Win It All,2,200,93,87,11953.23,11863.91,1111650,1032160,92.85,0.6549,0.6471
2026-09-26,2026-09-26T03:06:41.565Z,1718,Win It All,2,100,743,682,1496.16,1513.43,1111650,1032160,92.85,0.6549,0.6471
2026-09-26,2026-09-26T03:06:41.565Z,1718,Win It All,2,50,1877,1724,592.25,598.7,1111650,1032160,92.85,0.6549,0.6471
2026-09-26,2026-09-26T03:06:41.565Z,1718,Win It All,2,40,1084,999,1025.51,1033.19,1111650,1032160,92.85,0.6549,0.6471
2026-09-26,2026-09-26T03:06:41.565Z,1718,Win It All,2,30,2850,2648,390.05,389.79,1111650,1032160,92.85,0.6549,0.6471
2026-09-26,2026-09-26T03:06:41.565Z,1718,Win It All,2,20,11114,10341,100.02,99.81,1111650,1032160,92.85,0.6549,0.6471
2026-09-26,2026-09-26T03:06:41.565Z,1718,Win It All,2,10,18530,17153,59.99,60.17,1111650,1032160,92.85,0.6549,0.6471
2026-09-26,2026-09-26T03:06:41.565Z,1718,Win It All,2,5,40756,37711,27.28,27.37,1111650,1032160,92.85,0.6549,0.6471
2026-09-26,2026-09-26T03:06:41.565Z,1718,Win It All,2,4,44478,41251,24.99,25.02,1111650,1032160,92.85,0.6549,0.6471
2026-09-26,2026-09-26T03:06:41.565Z,1718,Win It All,2,2,131545,122378,8.45,8.43,1111650,1032160,92.85,0.6549,0.6471
2026-09-26,2026-09-26T03:06:41.565Z,1677,Frosty's $50's,1,50,3306,598,259.53,435.99,858000,260725,30.39,0.6192,0.5075
2026-09-26,2026-09-26T03:06:41.565Z,1677,Frosty's $50's,1,20,1426,286,601.68,911.63,858000,260725,30.39,0.6192,0.5075
2026-09-26,2026-09-26T03:06:41.565Z,1677,Frosty's $50's,1,10,4278,941,200.56,277.07,858000,260725,30.39,0.6192,0.5075
2026-09-26,2026-09-26T03:06:41.565Z,1677,Frosty's $50's,1,5,17186,4501,49.92,57.93,858000,260725,30.39,0.6192,0.5075
2026-09-26,2026-09-26T03:06:41.565Z,1677,Frosty's $50's,1,2,54349,16224,15.79,16.07,858000,260725,30.39,0.6192,0.5075
2026-09-26,2026-09-26T03:06:41.565Z,1677,Frosty's $50's,1,1,100072,32335,8.57,8.06,858000,260725,30.39,0.6192,0.5075
2026-09-26,2026-09-26T03:06:41.565Z,1630,Match 2 Win,1,500,5,2,294390.0,343498.5,1471950,686997,46.67,0.621,0.6079
2026-09-26,2026-09-26T03:06:41.565Z,1630,Match 2 Win,1,100,707,287,2081.97,2393.72,1471950,686997,46.67,0.621,0.6079
2026-09-26,2026-09-26T03:06:41.565Z,1630,Match 2 Win,1,50,1709,708,861.29,970.33,1471950,686997,46.67,0.621,0.6079
2026-09-26,2026-09-26T03:06:41.565Z,1630,Match 2 Win,1,20,4895,2266,300.7,303.18,1471950,686997,46.67,0.621,0.6079
2026-09-26,2026-09-26T03:06:41.565Z,1630,Match 2 Win,1,10,14734,7209,99.9,95.3,1471950,686997,46.67,0.621,0.6079
2026-09-26,2026-09-26T03:06:41.565Z,1630,Match 2 Win,1,5,7364,3262,199.88,210.61,1471950,686997,46.67,0.621,0.6079
2026-09-26,2026-09-26T03:06:41.565Z,1630,Match 2 Win,1,4,24521,11016,60.03,62.36,1471950,686997,46.67,0.621,0.6079
2026-09-26,2026-09-26T03:06:41.565Z,1630,Match 2 Win,1,2,117733,54121,12.5,12.69,1471950,686997,46.67,0.621,0.6079
2026-09-26,2026-09-26T03:06:41.565Z,1630,Match 2 Win,1,1,139761,66481,10.53,10.33,1471950,686997,46.67,0.621,0.6079
2026-09-26,2026-09-26T03:06:41.565Z,1701,Moo$e Money Tripler,1,500,5,2,197700.0,307107.0,988500,614214,62.14,0.6191,0.602
2026-09-26,2026-09-26T03:06:41.565Z,1701,Moo$e Money Tripler,1,100,112,64,8825.89,9597.09,988500,614214,62.14,0.6191,0.602
2026-09-26,2026-09-26T03:06:41.565Z,1701,Moo$e Money Tripler,1,90,155,90,6377.42,6824.6,988500,614214,62.14,0.6191,0.602
2026-09-26,2026-09-26T03:06:41.565Z,1701,Moo$e Money Tripler,1,60,952,550,1038.34,1116.75,988500,614214,62.14,0.6191,0.602
2026-09-26,2026-09-26T03:06:41.565Z,1701,Moo$e Money Tripler,1,30,1392,836,710.13,734.71,988500,614214,62.14,0.6191,0.602
2026-09-26,2026-09-26T03:06:41.565Z,1701,Moo$e Money Tripler,1,20,1243,705,795.25,871.23,988500,614214,62.14,0.6191,0.602
2026-09-26,2026-09-26T03:06:41.565Z,1701,Moo$e Money Tripler,1,18,2526,1474,391.33,416.7,988500,614214,62.14,0.6191,0.602
2026-09-26,2026-09-26T03:06:41.565Z,1701,Moo$e Money Tripler,1,9,6590,3930,150.0,156.29,988500,614214,62.14,0.6191,0.602
2026-09-26,2026-09-26T03:06:41.565Z,1701,Moo$e Money Tripler,1,6,6590,3999,150.0,153.59,988500,614214,62.14,0.6191,0.602
2026-09-26,2026-09-26T03:06:41.565Z,1701,Moo$e Money Tripler,1,3,39540,24123,25.0,25.46,988500,614214,62.14,0.6191,0.602
2026-09-26,2026-09-26T03:06:41.565Z,1701,Moo$e Money Tripler,1,2,46130,28663,21.43,21.43,988500,614214,62.14,0.6191,0.602
2026-09-26,2026-09-26T03:06:41.565Z,1701,Moo$e Money Tripler,1,1,105440,66469,9.38,9.24,988500,614214,62.14,0.6191,0.602
2026-09-26,2026-09-26T03:06:41.565Z,1691,Quick $25's,1,25,8882,4754,113.49,120.6,1008000,573336,56.88,0.6203,0.603
2026-09-26,2026-09-26T03:06:41.565Z,1691,Quick $25's,1,10,6720,3647,150.0,157.21,1008000,573336,56.88,0.6203,0.603
2026-09-26,2026-09-26T03:06:41.565Z,1691,Quick $25's,1,5,6720,3697,150.0,155.08,1008000,573336,56.88,0.6203,0.603
2026-09-26,2026-09-26T03:06:41.565Z,1691,Quick $25's,1,4,15120,8440,66.67,67.93,1008000,573336,56.88,0.6203,0.603
2026-09-26,2026-09-26T03:06:41.565Z,1691,Quick $25's,1,2,67182,38009,15.0,15.08,1008000,573336,56.88,0.6203,0.603
2026-09-26,2026-09-26T03:06:41.565Z,1691,Quick $25's,1,1,107556,62138,9.37,9.23,1008000,573336,56.88,0.6203,0.603
2026-09-26,2026-09-26T03:06:41.565Z,1711,Trick or Treat,1,500,5,4,100590.0,108291.25,502950,433165,86.12,0.6219,0.6156
2026-09-26,2026-09-26T03:06:41.565Z,1711,Trick or Treat,1,100,224,190,2245.31,2279.82,502950,433165,86.12,0.6219,0.6156
2026-09-26,2026-09-26T03:06:41.565Z,1711,Trick or Treat,1,50,543,454,926.24,954.11,502950,433165,86.12,0.6219,0.6156
2026-09-26,2026-09-26T03:06:41.565Z,1711,Trick or Treat,1,20,1637,1371,307.24,315.95,502950,433165,86.12,0.6219,0.6156
2026-09-26,2026-09-26T03:06:41.565Z,1711,Trick or Treat,1,10,5870,4986,85.68,86.88,502950,433165,86.12,0.6219,0.6156
2026-09-26,2026-09-26T03:06:41.565Z,1711,Trick or Treat,1,5,7542,6434,66.69,67.32,502950,433165,86.12,0.6219,0.6156
2026-09-26,2026-09-26T03:06:41.565Z,1711,Trick or Treat,1,2,41909,36064,12.0,12.01,502950,433165,86.12,0.6219,0.6156
2026-09-26,2026-09-26T03:06:41.565Z,1711,Trick or Treat,1,1,47776,41364,10.53,10.47,502950,433165,86.12,0.6219,0.6156
2026-09-26,2026-09-26T03:06:41.565Z,1629,Triple It!,1,500,6,3,242050.0,83826.33,1452300,251479,17.32,0.6206,0.5319
2026-09-26,2026-09-26T03:06:41.565Z,1629,Triple It!,1,150,24,4,60512.5,62869.75,1452300,251479,17.32,0.6206,0.5319
2026-09-26,2026-09-26T03:06:41.565Z,1629,Triple It!,1,90,489,52,2969.94,4836.13,1452300,251479,17.32,0.6206,0.5319
2026-09-26,2026-09-26T03:06:41.565Z,1629,Triple It!,1,50,1942,150,747.84,1676.53,1452300,251479,17.32,0.6206,0.5319
2026-09-26,2026-09-26T03:06:41.565Z,1629,Triple It!,1,30,2177,268,667.11,938.35,1452300,251479,17.32,0.6206,0.5319
2026-09-26,2026-09-26T03:06:41.565Z,1629,Triple It!,1,15,3926,534,369.92,470.93,1452300,251479,17.32,0.6206,0.5319
2026-09-26,2026-09-26T03:06:41.565Z,1629,Triple It!,1,10,7251,892,200.29,281.93,1452300,251479,17.32,0.6206,0.5319
2026-09-26,2026-09-26T03:06:41.565Z,1629,Triple It!,1,6,9687,1670,149.92,150.59,1452300,251479,17.32,0.6206,0.5319
2026-09-26,2026-09-26T03:06:41.565Z,1629,Triple It!,1,5,14513,1936,100.07,129.9,1452300,251479,17.32,0.6206,0.5319
2026-09-26,2026-09-26T03:06:41.565Z,1629,Triple It!,1,3,38695,6843,37.53,36.75,1452300,251479,17.32,0.6206,0.5319
2026-09-26,2026-09-26T03:06:41.565Z,1629,Triple It!,1,2,77564,12746,18.72,19.73,1452300,251479,17.32,0.6206,0.5319
2026-09-26,2026-09-26T03:06:41.565Z,1629,Triple It!,1,1,154920,28788,9.37,8.74,1452300,251479,17.32,0.6206,0.5319
2026-09-26,2026-09-26T03:06:41.565Z,1683,VIP Bonus,1,500,5,1,200400.0,397154.0,1002000,397154,39.64,0.6206,0.5834
2026-09-26,2026-09-26T03:06:41.565Z,1683,VIP Bonus,1,100,309,104,3242.72,3818.79,1002000,397154,39.64,0.6206,0.5834
2026-09-26,2026-09-26T03:06:41.565Z,1683,VIP Bonus,1,50,1641,529,610.6,750.76,1002000,397154,39.64,0.6206,0.5834
2026-09-26,2026-09-26T03:06:41.565Z,1683,VIP Bonus,1,20,2943,1059,340.47,375.03,1002000,397154,39.64,0.6206,0.5834
2026-09-26,2026-09-26T03:06:41.565Z,1683,VIP Bonus,1,10,10055,3740,99.65,106.19,1002000,397154,39.64,0.6206,0.5834
2026-09-26,2026-09-26T03:06:41.565Z,1683,VIP Bonus,1,5,16665,6134,60.13,64.75,1002000,397154,39.64,0.6206,0.5834
2026-09-26,2026-09-26T03:06:41.565Z,1683,VIP Bonus,1,2,80050,31356,12.52,12.67,1002000,397154,39.64,0.6206,0.5834
2026-09-26,2026-09-26T03:06:41.565Z,1683,VIP Bonus,1,1,103585,42395,9.67,9.37,1002000,397154,39.64,0.6206,0.5834
2026-09-26,2026-09-26T03:06:41.565Z,1618,Wham!,1,250,48,23,30212.5,36766.04,1450200,845619,58.31,0.6201,0.6021
2026-09-26,2026-09-26T03:06:41.565Z,1618,Wham!,1,100,358,192,4050.84,4404.27,1450200,845619,58.31,0.6201,0.6021
2026-09-26,2026-09-26T03:06:41.565Z,1618,Wham!,1,50,2121,1143,683.73,739.82,1450200,845619,58.31,0.6201,0.6021
2026-09-26,2026-09-26T03:06:41.565Z,1618,Wham!,1,20,2915,1592,497.5,531.17,1450200,845619,58.31,0.6201,0.6021
2026-09-26,2026-09-26T03:06:41.565Z,1618,Wham!,1,15,1983,1098,731.32,770.14,1450200,845619,58.31,0.6201,0.6021
2026-09-26,2026-09-26T03:06:41.565Z,1618,Wham!,1,10,9668,5400,150.0,156.6,1450200,845619,58.31,0.6201,0.6021
2026-09-26,2026-09-26T03:06:41.565Z,1618,Wham!,1,5,38654,21963,37.52,38.5,1450200,845619,58.31,0.6201,0.6021
2026-09-26,2026-09-26T03:06:41.565Z,1618,Wham!,1,3,14515,8332,99.91,101.49,1450200,845619,58.31,0.6201,0.6021
2026-09-26,2026-09-26T03:06:41.565Z,1618,Wham!,1,2,87056,50598,16.66,16.71,1450200,845619,58.31,0.6201,0.6021
2026-09-26,2026-09-26T03:06:41.565Z,1618,Wham!,1,1,149817,88751,9.68,9.53,1450200,845619,58.31,0.6201,0.6021
