game_number,game,price,prize,prizes_printed,prizes_remaining,odds_printed,odds_live,tickets_printed,tickets_remaining_est,percent_unsold_est,ev_printed,ev_now
1692,"$3,000,000 Cash Spectacular",30,3000000,4,2,373605.0,399626.0,1494420,799252,53.48,0.9007,0.8801
1692,"$3,000,000 Cash Spectacular",30,50000,8,4,186802.5,199813.0,1494420,799252,53.48,0.9007,0.8801
1692,"$3,000,000 Cash Spectacular",30,5000,73,40,20471.51,19981.3,1494420,799252,53.48,0.9007,0.8801
1692,"$3,000,000 Cash Spectacular",30,1000,502,271,2976.93,2949.27,1494420,799252,53.48,0.9007,0.8801
1692,"$3,000,000 Cash Spectacular",30,500,6349,3335,235.38,239.66,1494420,799252,53.48,0.9007,0.8801
1692,"$3,000,000 Cash Spectacular",30,200,12606,6677,118.55,119.7,1494420,799252,53.48,0.9007,0.8801
1692,"$3,000,000 Cash Spectacular",30,100,49814,26326,30.0,30.36,1494420,799252,53.48,0.9007,0.8801
1692,"$3,000,000 Cash Spectacular",30,50,99628,53019,15.0,15.07,1494420,799252,53.48,0.9007,0.8801
1692,"$3,000,000 Cash Spectacular",30,40,99628,52974,15.0,15.09,1494420,799252,53.48,0.9007,0.8801
1692,"$3,000,000 Cash Spectacular",30,30,249070,134221,6.0,5.95,1494420,799252,53.48,0.9007,0.8801
1651,"$100, $250 or $500 Series II",25,500,46491,9122,59.63,60.36,2772480,550578,19.86,0.7983,0.7928
1651,"$100, $250 or $500 Series II",25,250,54411,10593,50.95,51.98,2772480,550578,19.86,0.7983,0.7928
1651,"$100, $250 or $500 Series II",25,100,184832,37028,15.0,14.87,2772480,550578,19.86,0.7983,0.7928
1658,"$2,000,000 Ultimate Granite Bonus",25,2000000,4,2,836467.5,1069578.0,3345870,2139156,63.93,0.7945,0.7758
1658,"$2,000,000 Ultimate Granite Bonus",25,200000,4,3,836467.5,713052.0,3345870,2139156,63.93,0.7945,0.7758
1658,"$2,000,000 Ultimate Granite Bonus",25,25000,20,13,167293.5,164550.46,3345870,2139156,63.93,0.7945,0.7758
1658,"$2,000,000 Ultimate Granite Bonus",25,10000,60,38,55764.5,56293.58,3345870,2139156,63.93,0.7945,0.7758
1658,"$2,000,000 Ultimate Granite Bonus",25,5000,96,68,34852.81,31458.18,3345870,2139156,63.93,0.7945,0.7758
1658,"$2,000,000 Ultimate Granite Bonus",25,1000,1200,791,2788.22,2704.37,3345870,2139156,63.93,0.7945,0.7758
1658,"$2,000,000 Ultimate Granite Bonus",25,500,13405,8576,249.6,249.44,3345870,2139156,63.93,0.7945,0.7758
1658,"$2,000,000 Ultimate Granite Bonus",25,200,13656,8726,245.01,245.15,3345870,2139156,63.93,0.7945,0.7758
1658,"$2,000,000 Ultimate Granite Bonus",25,150,11895,7575,281.28,282.4,3345870,2139156,63.93,0.7945,0.7758
1658,"$2,000,000 Ultimate Granite Bonus",25,100,152175,96994,21.99,22.05,3345870,2139156,63.93,0.7945,0.7758
1658,"$2,000,000 Ultimate Granite Bonus",25,50,195268,124582,17.13,17.17,3345870,2139156,63.93,0.7945,0.7758
1658,"$2,000,000 Ultimate Granite Bonus",25,30,250804,160610,13.34,13.32,3345870,2139156,63.93,0.7945,0.7758
1658,"$2,000,000 Ultimate Granite Bonus",25,25,446095,285505,7.5,7.49,3345870,2139156,63.93,0.7945,0.7758
1621,Diamond Jubilee,25,2000000,4,0,924922.5,,3699690,925917,25.03,0.7971,0.713
1621,Diamond Jubilee,25,60000,48,13,77076.88,71224.38,3699690,925917,25.03,0.7971,0.713
1621,Diamond Jubilee,25,5000,141,37,26238.94,25024.78,3699690,925917,25.03,0.7971,0.713
1621,Diamond Jubilee,25,2000,352,89,10510.48,10403.56,3699690,925917,25.03,0.7971,0.713
1621,Diamond Jubilee,25,500,8644,2145,428.01,431.66,3699690,925917,25.03,0.7971,0.713
1621,Diamond Jubilee,25,300,4243,1048,871.95,883.51,3699690,925917,25.03,0.7971,0.713
1621,Diamond Jubilee,25,120,13146,3241,281.43,285.69,3699690,925917,25.03,0.7971,0.713
1621,Diamond Jubilee,25,100,246646,61741,15.0,15.0,3699690,925917,25.03,0.7971,0.713
1621,Diamond Jubilee,25,60,493292,123521,7.5,7.5,3699690,925917,25.03,0.7971,0.713
1628,$100 or $200 Series III,20,200,37568,511,26.77,31.16,1005840,15922,1.58,0.7401,0.7138
1628,$100 or $200 Series III,20,100,73743,1251,13.64,12.73,1005840,15922,1.58,0.7401,0.7138
1657,Millionaire 7,20,1000000,4,2,486195.0,428147.0,1944780,856294,44.03,0.7378,0.7522
1657,Millionaire 7,20,100000,4,2,486195.0,428147.0,1944780,856294,44.03,0.7378,0.7522
1657,Millionaire 7,20,10000,32,14,60774.38,61163.86,1944780,856294,44.03,0.7378,0.7522
1657,Millionaire 7,20,4000,96,42,20258.12,20387.95,1944780,856294,44.03,0.7378,0.7522
1657,Millionaire 7,20,1000,760,340,2558.92,2518.51,1944780,856294,44.03,0.7378,0.7522
1657,Millionaire 7,20,500,2431,1062,799.99,806.3,1944780,856294,44.03,0.7378,0.7522
1657,Millionaire 7,20,400,932,412,2086.67,2078.38,1944780,856294,44.03,0.7378,0.7522
1657,Millionaire 7,20,200,9011,3951,215.82,216.73,1944780,856294,44.03,0.7378,0.7522
1657,Millionaire 7,20,100,46485,20414,41.84,41.95,1944780,856294,44.03,0.7378,0.7522
1657,Millionaire 7,20,50,62532,27255,31.1,31.42,1944780,856294,44.03,0.7378,0.7522
1657,Millionaire 7,20,30,194528,85525,10.0,10.01,1944780,856294,44.03,0.7378,0.7522
1657,Millionaire 7,20,20,291642,128887,6.67,6.64,1944780,856294,44.03,0.7378,0.7522
1681,New Hampshire Holiday Winnings,20,1000,2315,866,272.11,280.41,629940,242832,38.55,0.7399,0.7258
1681,New Hampshire Holiday Winnings,20,500,539,188,1168.72,1291.66,629940,242832,38.55,0.7399,0.7258
1681,New Hampshire Holiday Winnings,20,200,3256,1196,193.47,203.04,629940,242832,38.55,0.7399,0.7258
1681,New Hampshire Holiday Winnings,20,100,14667,5422,42.95,44.79,629940,242832,38.55,0.7399,0.7258
1681,New Hampshire Holiday Winnings,20,40,20933,7768,30.09,31.26,629940,242832,38.55,0.7399,0.7258
1681,New Hampshire Holiday Winnings,20,30,63050,24505,9.99,9.91,629940,242832,38.55,0.7399,0.7258
1681,New Hampshire Holiday Winnings,20,20,94537,36881,6.66,6.58,629940,242832,38.55,0.7399,0.7258
1687,VIP Bonus Deluxe,20,1000000,4,2,281932.5,333716.0,1127730,667432,59.18,0.7882,0.7559
1687,VIP Bonus Deluxe,20,50000,4,2,281932.5,333716.0,1127730,667432,59.18,0.7882,0.7559
1687,VIP Bonus Deluxe,20,5000,20,12,56386.5,55619.33,1127730,667432,59.18,0.7882,0.7559
1687,VIP Bonus Deluxe,20,1000,184,112,6128.97,5959.21,1127730,667432,59.18,0.7882,0.7559
1687,VIP Bonus Deluxe,20,500,1862,1080,605.66,617.99,1127730,667432,59.18,0.7882,0.7559
1687,VIP Bonus Deluxe,20,400,482,279,2339.69,2392.23,1127730,667432,59.18,0.7882,0.7559
1687,VIP Bonus Deluxe,20,200,4202,2463,268.38,270.98,1127730,667432,59.18,0.7882,0.7559
1687,VIP Bonus Deluxe,20,100,32860,19143,34.32,34.87,1127730,667432,59.18,0.7882,0.7559
1687,VIP Bonus Deluxe,20,50,33042,19302,34.13,34.58,1127730,667432,59.18,0.7882,0.7559
1687,VIP Bonus Deluxe,20,30,75265,44566,14.98,14.98,1127730,667432,59.18,0.7882,0.7559
1687,VIP Bonus Deluxe,20,20,206646,122887,5.46,5.43,1127730,667432,59.18,0.7882,0.7559
1608,$50 or $100 Series V,10,100,61435,1005,26.66,30.35,1637950,30505,1.86,0.7252,0.7023
1608,$50 or $100 Series V,10,50,114684,2275,14.28,13.41,1637950,30505,1.86,0.7252,0.7023
1650,$50 or $100 Series VI,10,100,28360,739,26.66,30.44,756000,22496,2.98,0.7252,0.7019
1650,$50 or $100 Series VI,10,50,52932,1680,14.28,13.39,756000,22496,2.98,0.7252,0.7019
1624,"$500,000 Fortunes Series IV",10,500000,5,3,1027430.0,728735.33,5137150,2186206,42.56,0.7244,0.7365
1624,"$500,000 Fortunes Series IV",10,50000,8,3,642143.75,728735.33,5137150,2186206,42.56,0.7244,0.7365
1624,"$500,000 Fortunes Series IV",10,10000,45,18,114158.89,121455.89,5137150,2186206,42.56,0.7244,0.7365
1624,"$500,000 Fortunes Series IV",10,1000,2264,956,2269.06,2286.83,5137150,2186206,42.56,0.7244,0.7365
1624,"$500,000 Fortunes Series IV",10,500,4108,1713,1250.52,1276.24,5137150,2186206,42.56,0.7244,0.7365
1624,"$500,000 Fortunes Series IV",10,200,2564,1061,2003.57,2060.51,5137150,2186206,42.56,0.7244,0.7365
1624,"$500,000 Fortunes Series IV",10,150,5128,2103,1001.78,1039.57,5137150,2186206,42.56,0.7244,0.7365
1624,"$500,000 Fortunes Series IV",10,100,64319,26759,79.87,81.7,5137150,2186206,42.56,0.7244,0.7365
1624,"$500,000 Fortunes Series IV",10,50,51227,21300,100.28,102.64,5137150,2186206,42.56,0.7244,0.7365
1624,"$500,000 Fortunes Series IV",10,25,51516,21972,99.72,99.5,5137150,2186206,42.56,0.7244,0.7365
1624,"$500,000 Fortunes Series IV",10,20,385068,161155,13.34,13.57,5137150,2186206,42.56,0.7244,0.7365
1624,"$500,000 Fortunes Series IV",10,15,308325,132271,16.66,16.53,5137150,2186206,42.56,0.7244,0.7365
1624,"$500,000 Fortunes Series IV",10,10,565379,243485,9.09,8.98,5137150,2186206,42.56,0.7244,0.7365
1662,24K Gold,10,240000,4,1,361937.5,280097.0,1447750,280097,19.35,0.7251,0.7191
1662,24K Gold,10,2400,60,11,24129.17,25463.36,1447750,280097,19.35,0.7251,0.7191
1662,24K Gold,10,1000,244,49,5933.4,5716.27,1447750,280097,19.35,0.7251,0.7191
1662,24K Gold,10,500,366,57,3955.6,4913.98,1447750,280097,19.35,0.7251,0.7191
1662,24K Gold,10,240,7510,1330,192.78,210.6,1447750,280097,19.35,0.7251,0.7191
1662,24K Gold,10,100,10875,1871,133.13,149.7,1447750,280097,19.35,0.7251,0.7191
1662,24K Gold,10,50,14366,2511,100.78,111.55,1447750,280097,19.35,0.7251,0.7191
1662,24K Gold,10,25,34798,6664,41.6,42.03,1447750,280097,19.35,0.7251,0.7191
1662,24K Gold,10,20,36181,6449,40.01,43.43,1447750,280097,19.35,0.7251,0.7191
1662,24K Gold,10,15,144883,28431,9.99,9.85,1447750,280097,19.35,0.7251,0.7191
1662,24K Gold,10,10,159116,31640,9.1,8.85,1447750,280097,19.35,0.7251,0.7191
1669,Aces High,10,200000,4,1,306812.5,427182.0,1227250,427182,34.81,0.7232,0.6955
1669,Aces High,10,2000,92,29,13339.67,14730.41,1227250,427182,34.81,0.7232,0.6955
1669,Aces High,10,1000,264,94,4648.67,4544.49,1227250,427182,34.81,0.7232,0.6955
1669,Aces High,10,500,753,261,1629.81,1636.71,1227250,427182,34.81,0.7232,0.6955
1669,Aces High,10,200,1343,444,913.81,962.12,1227250,427182,34.81,0.7232,0.6955
1669,Aces High,10,100,13547,4501,90.59,94.91,1227250,427182,34.81,0.7232,0.6955
1669,Aces High,10,50,15297,5077,80.23,84.14,1227250,427182,34.81,0.7232,0.6955
1669,Aces High,10,30,35270,12157,34.8,35.14,1227250,427182,34.81,0.7232,0.6955
1669,Aces High,10,20,30704,10670,39.97,40.04,1227250,427182,34.81,0.7232,0.6955
1669,Aces High,10,15,122729,42916,10.0,9.95,1227250,427182,34.81,0.7232,0.6955
1669,Aces High,10,10,134946,47401,9.09,9.01,1227250,427182,34.81,0.7232,0.6955
1693,Coal 9,10,200000,4,1,270337.5,516228.0,1081350,516228,47.74,0.7256,0.6879
1693,Coal 9,10,20000,4,2,270337.5,258114.0,1081350,516228,47.74,0.7256,0.6879
1693,Coal 9,10,1000,268,133,4034.89,3881.41,1081350,516228,47.74,0.7256,0.6879
1693,Coal 9,10,500,646,298,1673.92,1732.31,1081350,516228,47.74,0.7256,0.6879
1693,Coal 9,10,400,271,119,3990.22,4338.05,1081350,516228,47.74,0.7256,0.6879
1693,Coal 9,10,250,825,386,1310.73,1337.38,1081350,516228,47.74,0.7256,0.6879
1693,Coal 9,10,100,13104,6134,82.52,84.16,1081350,516228,47.74,0.7256,0.6879
1693,Coal 9,10,50,13227,6313,81.75,81.77,1081350,516228,47.74,0.7256,0.6879
1693,Coal 9,10,25,12166,5706,88.88,90.47,1081350,516228,47.74,0.7256,0.6879
1693,Coal 9,10,20,59467,28881,18.18,17.87,1081350,516228,47.74,0.7256,0.6879
1693,Coal 9,10,15,86551,41150,12.49,12.55,1081350,516228,47.74,0.7256,0.6879
1693,Coal 9,10,10,129712,61850,8.34,8.35,1081350,516228,47.74,0.7256,0.6879
1699,Franklin's Fortunes,10,200000,4,2,281462.5,355424.5,1125850,710849,63.14,0.7224,0.7023
1699,Franklin's Fortunes,10,10000,8,5,140731.25,142169.8,1125850,710849,63.14,0.7224,0.7023
1699,Franklin's Fortunes,10,1000,161,103,6992.86,6901.45,1125850,710849,63.14,0.7224,0.7023
1699,Franklin's Fortunes,10,500,1029,620,1094.12,1146.53,1125850,710849,63.14,0.7224,0.7023
1699,Franklin's Fortunes,10,200,1317,822,854.86,864.78,1125850,710849,63.14,0.7224,0.7023
1699,Franklin's Fortunes,10,100,15503,9616,72.62,73.92,1125850,710849,63.14,0.7224,0.7023
1699,Franklin's Fortunes,10,50,10171,6305,110.69,112.74,1125850,710849,63.14,0.7224,0.7023
1699,Franklin's Fortunes,10,25,12583,7965,89.47,89.25,1125850,710849,63.14,0.7224,0.7023
1699,Franklin's Fortunes,10,20,90070,56542,12.5,12.57,1125850,710849,63.14,0.7224,0.7023
1699,Franklin's Fortunes,10,15,67551,42828,16.67,16.6,1125850,710849,63.14,0.7224,0.7023
1699,Franklin's Fortunes,10,10,112581,71540,10.0,9.94,1125850,710849,63.14,0.7224,0.7023
1680,Holiday Magic,10,500,2623,102,240.16,395.75,629950,40367,6.41,0.7249,0.6015
1680,Holiday Magic,10,100,5994,268,105.1,150.62,629950,40367,6.41,0.7249,0.6015
1680,Holiday Magic,10,50,5543,254,113.65,158.93,629950,40367,6.41,0.7249,0.6015
1680,Holiday Magic,10,30,14182,763,44.42,52.91,629950,40367,6.41,0.7249,0.6015
1680,Holiday Magic,10,20,15716,959,40.08,42.09,629950,40367,6.41,0.7249,0.6015
1680,Holiday Magic,10,15,63075,4133,9.99,9.77,629950,40367,6.41,0.7249,0.6015
1680,Holiday Magic,10,10,69240,4823,9.1,8.37,629950,40367,6.41,0.7249,0.6015
1673,JURASSIC PARK®,10,200000,4,0,250537.5,,1002150,59569,5.94,0.7207,0.5871
1673,JURASSIC PARK®,10,5000,29,2,34556.9,29784.5,1002150,59569,5.94,0.7207,0.5871
1673,JURASSIC PARK®,10,1000,275,21,3644.18,2836.62,1002150,59569,5.94,0.7207,0.5871
1673,JURASSIC PARK®,10,500,645,25,1553.72,2382.76,1002150,59569,5.94,0.7207,0.5871
1673,JURASSIC PARK®,10,200,1945,85,515.24,700.81,1002150,59569,5.94,0.7207,0.5871
1673,JURASSIC PARK®,10,100,8813,387,113.71,153.93,1002150,59569,5.94,0.7207,0.5871
1673,JURASSIC PARK®,10,40,30077,1406,33.32,42.37,1002150,59569,5.94,0.7207,0.5871
1673,JURASSIC PARK®,10,20,40129,2165,24.97,27.51,1002150,59569,5.94,0.7207,0.5871
1673,JURASSIC PARK®,10,15,80038,4823,12.52,12.35,1002150,59569,5.94,0.7207,0.5871
1673,JURASSIC PARK®,10,10,120323,7865,8.33,7.57,1002150,59569,5.94,0.7207,0.5871
1702,Money Madness Extra Play,10,200000,4,3,282950.0,282707.67,1131800,848123,74.94,0.7263,0.7244
1702,Money Madness Extra Play,10,10000,12,9,94316.67,94235.89,1131800,848123,74.94,0.7263,0.7244
1702,Money Madness Extra Play,10,1000,242,191,4676.86,4440.43,1131800,848123,74.94,0.7263,0.7244
1702,Money Madness Extra Play,10,500,882,648,1283.22,1308.83,1131800,848123,74.94,0.7263,0.7244
1702,Money Madness Extra Play,10,200,2937,2167,385.36,391.38,1131800,848123,74.94,0.7263,0.7244
1702,Money Madness Extra Play,10,100,9860,7314,114.79,115.96,1131800,848123,74.94,0.7263,0.7244
1702,Money Madness Extra Play,10,50,12228,9050,92.56,93.72,1131800,848123,74.94,0.7263,0.7244
1702,Money Madness Extra Play,10,25,14330,10723,78.98,79.09,1131800,848123,74.94,0.7263,0.7244
1702,Money Madness Extra Play,10,20,84875,63371,13.33,13.38,1131800,848123,74.94,0.7263,0.7244
1702,Money Madness Extra Play,10,15,67972,51029,16.65,16.62,1131800,848123,74.94,0.7263,0.7244
1702,Money Madness Extra Play,10,10,135740,102095,8.34,8.31,1131800,848123,74.94,0.7263,0.7244
1706,Six Figures,10,200000,4,4,282050.0,254124.75,1128200,1016499,90.1,0.7218,0.73
1706,Six Figures,10,20000,5,5,225640.0,203299.8,1128200,1016499,90.1,0.7218,0.73
1706,Six Figures,10,1000,348,317,3241.95,3206.62,1128200,1016499,90.1,0.7218,0.73
1706,Six Figures,10,500,942,838,1197.66,1213.01,1128200,1016499,90.1,0.7218,0.73
1706,Six Figures,10,200,1646,1486,685.42,684.05,1128200,1016499,90.1,0.7218,0.73
1706,Six Figures,10,120,2683,2419,420.5,420.21,1128200,1016499,90.1,0.7218,0.73
1706,Six Figures,10,100,6470,5809,174.37,174.99,1128200,1016499,90.1,0.7218,0.73
1706,Six Figures,10,60,8964,8048,125.86,126.3,1128200,1016499,90.1,0.7218,0.73
1706,Six Figures,10,30,21326,19175,52.9,53.01,1128200,1016499,90.1,0.7218,0.73
1706,Six Figures,10,20,67692,60977,16.67,16.67,1128200,1016499,90.1,0.7218,0.73
1706,Six Figures,10,15,90256,81301,12.5,12.5,1128200,1016499,90.1,0.7218,0.73
1706,Six Figures,10,10,124102,111937,9.09,9.08,1128200,1016499,90.1,0.7218,0.73
1696,Stroke of Luck,10,200000,4,4,282762.5,175763.25,1131050,703053,62.16,0.7218,0.761
1696,Stroke of Luck,10,10000,8,5,141381.25,140610.6,1131050,703053,62.16,0.7218,0.761
1696,Stroke of Luck,10,1000,195,125,5800.26,5624.42,1131050,703053,62.16,0.7218,0.761
1696,Stroke of Luck,10,500,1220,740,927.09,950.07,1131050,703053,62.16,0.7218,0.761
1696,Stroke of Luck,10,200,1364,827,829.22,850.12,1131050,703053,62.16,0.7218,0.761
1696,Stroke of Luck,10,150,3727,2280,303.47,308.36,1131050,703053,62.16,0.7218,0.761
1696,Stroke of Luck,10,100,8052,4942,140.47,142.26,1131050,703053,62.16,0.7218,0.761
1696,Stroke of Luck,10,50,11359,6955,99.57,101.09,1131050,703053,62.16,0.7218,0.761
1696,Stroke of Luck,10,25,12629,7845,89.56,89.62,1131050,703053,62.16,0.7218,0.761
1696,Stroke of Luck,10,20,84836,52299,13.33,13.44,1131050,703053,62.16,0.7218,0.761
1696,Stroke of Luck,10,15,67863,42424,16.67,16.57,1131050,703053,62.16,0.7218,0.761
1696,Stroke of Luck,10,10,124401,77765,9.09,9.04,1131050,703053,62.16,0.7218,0.761
1643,The Big 10,10,250000,4,0,370312.5,,1481250,271340,18.32,0.7227,0.6123
1643,The Big 10,10,5000,36,4,41145.83,67835.0,1481250,271340,18.32,0.7227,0.6123
1643,The Big 10,10,1000,243,44,6095.68,6166.82,1481250,271340,18.32,0.7227,0.6123
1643,The Big 10,10,500,744,120,1990.93,2261.17,1481250,271340,18.32,0.7227,0.6123
1643,The Big 10,10,200,1991,286,743.97,948.74,1481250,271340,18.32,0.7227,0.6123
1643,The Big 10,10,100,22986,3606,64.44,75.25,1481250,271340,18.32,0.7227,0.6123
1643,The Big 10,10,50,14662,2370,101.03,114.49,1481250,271340,18.32,0.7227,0.6123
1643,The Big 10,10,30,29625,4868,50.0,55.74,1481250,271340,18.32,0.7227,0.6123
1643,The Big 10,10,20,37029,6160,40.0,44.05,1481250,271340,18.32,0.7227,0.6123
1643,The Big 10,10,15,148183,27996,10.0,9.69,1481250,271340,18.32,0.7227,0.6123
1643,The Big 10,10,10,162855,31182,9.1,8.7,1481250,271340,18.32,0.7227,0.6123
1686,VIP Super Bonus,10,200000,4,2,282775.0,240192.5,1131100,480385,42.47,0.7218,0.7266
1686,VIP Super Bonus,10,10000,6,3,188516.67,160128.33,1131100,480385,42.47,0.7218,0.7266
1686,VIP Super Bonus,10,1000,316,137,3579.43,3506.46,1131100,480385,42.47,0.7218,0.7266
1686,VIP Super Bonus,10,500,317,138,3568.14,3481.05,1131100,480385,42.47,0.7218,0.7266
1686,VIP Super Bonus,10,400,751,310,1506.13,1549.63,1131100,480385,42.47,0.7218,0.7266
1686,VIP Super Bonus,10,250,1267,518,892.74,927.38,1131100,480385,42.47,0.7218,0.7266
1686,VIP Super Bonus,10,100,13185,5309,85.79,90.49,1131100,480385,42.47,0.7218,0.7266
1686,VIP Super Bonus,10,50,15674,6432,72.16,74.69,1131100,480385,42.47,0.7218,0.7266
1686,VIP Super Bonus,10,25,10572,4383,106.99,109.6,1131100,480385,42.47,0.7218,0.7266
1686,VIP Super Bonus,10,20,62230,26170,18.18,18.36,1131100,480385,42.47,0.7218,0.7266
1686,VIP Super Bonus,10,15,90412,38708,12.51,12.41,1131100,480385,42.47,0.7218,0.7266
1686,VIP Super Bonus,10,10,124496,53469,9.09,8.98,1131100,480385,42.47,0.7218,0.7266
1636,Cash Inferno,5,100000,4,1,326650.0,107772.0,1306600,107772,8.25,0.6773,0.6932
1636,Cash Inferno,5,5000,10,0,130660.0,,1306600,107772,8.25,0.6773,0.6932
1636,Cash Inferno,5,500,239,9,5466.95,11974.67,1306600,107772,8.25,0.6773,0.6932
1636,Cash Inferno,5,200,217,10,6021.2,10777.2,1306600,107772,8.25,0.6773,0.6932
1636,Cash Inferno,5,150,319,14,4095.92,7698.0,1306600,107772,8.25,0.6773,0.6932
1636,Cash Inferno,5,100,4178,222,312.73,485.46,1306600,107772,8.25,0.6773,0.6932
1636,Cash Inferno,5,50,5511,283,237.09,380.82,1306600,107772,8.25,0.6773,0.6932
1636,Cash Inferno,5,30,13066,687,100.0,156.87,1306600,107772,8.25,0.6773,0.6932
1636,Cash Inferno,5,20,39196,2381,33.34,45.26,1306600,107772,8.25,0.6773,0.6932
1636,Cash Inferno,5,10,117642,8950,11.11,12.04,1306600,107772,8.25,0.6773,0.6932
1636,Cash Inferno,5,5,143638,14169,9.1,7.61,1306600,107772,8.25,0.6773,0.6932
1661,Extreme 8’s,5,88888,4,2,361937.5,110748.5,1447750,221497,15.3,0.6123,0.6892
1661,Extreme 8’s,5,8888,10,2,144775.0,110748.5,1447750,221497,15.3,0.6123,0.6892
1661,Extreme 8’s,5,888,234,36,6186.97,6152.69,1447750,221497,15.3,0.6123,0.6892
1661,Extreme 8’s,5,188,618,80,2342.64,2768.71,1447750,221497,15.3,0.6123,0.6892
1661,Extreme 8’s,5,100,322,46,4496.12,4815.15,1447750,221497,15.3,0.6123,0.6892
1661,Extreme 8’s,5,88,9947,1261,145.55,175.65,1447750,221497,15.3,0.6123,0.6892
1661,Extreme 8’s,5,50,7169,905,201.95,244.75,1447750,221497,15.3,0.6123,0.6892
1661,Extreme 8’s,5,28,9420,1219,153.69,181.7,1447750,221497,15.3,0.6123,0.6892
1661,Extreme 8’s,5,18,26179,3651,55.3,60.67,1447750,221497,15.3,0.6123,0.6892
1661,Extreme 8’s,5,8,117822,18163,12.29,12.19,1447750,221497,15.3,0.6123,0.6892
1661,Extreme 8’s,5,5,144007,22940,10.05,9.66,1447750,221497,15.3,0.6123,0.6892
1700,Fab 4,5,100000,4,2,223200.0,248763.5,892800,497527,55.73,0.6791,0.6558
1700,Fab 4,5,1000,4,3,223200.0,165842.33,892800,497527,55.73,0.6791,0.6558
1700,Fab 4,5,500,125,62,7142.4,8024.63,892800,497527,55.73,0.6791,0.6558
1700,Fab 4,5,200,253,132,3528.85,3769.14,892800,497527,55.73,0.6791,0.6558
1700,Fab 4,5,100,2046,1067,436.36,466.29,892800,497527,55.73,0.6791,0.6558
1700,Fab 4,5,75,1140,574,783.16,866.77,892800,497527,55.73,0.6791,0.6558
1700,Fab 4,5,50,2846,1519,313.7,327.54,892800,497527,55.73,0.6791,0.6558
1700,Fab 4,5,40,4046,2124,220.66,234.24,892800,497527,55.73,0.6791,0.6558
1700,Fab 4,5,25,3602,1945,247.86,255.8,892800,497527,55.73,0.6791,0.6558
1700,Fab 4,5,20,21453,11340,41.62,43.87,892800,497527,55.73,0.6791,0.6558
1700,Fab 4,5,10,94602,52511,9.44,9.47,892800,497527,55.73,0.6791,0.6558
1700,Fab 4,5,5,91032,51962,9.81,9.57,892800,497527,55.73,0.6791,0.6558
1676,Fame & Fortune,5,100000,4,1,260300.0,77844.0,1041200,77844,7.48,0.6762,0.7816
1676,Fame & Fortune,5,1000,25,2,41648.0,38922.0,1041200,77844,7.48,0.6762,0.7816
1676,Fame & Fortune,5,500,165,5,6310.3,15568.8,1041200,77844,7.48,0.6762,0.7816
1676,Fame & Fortune,5,200,135,11,7712.59,7076.73,1041200,77844,7.48,0.6762,0.7816
1676,Fame & Fortune,5,100,3359,148,309.97,525.97,1041200,77844,7.48,0.6762,0.7816
1676,Fame & Fortune,5,50,3037,197,342.84,395.15,1041200,77844,7.48,0.6762,0.7816
1676,Fame & Fortune,5,40,7788,382,133.69,203.78,1041200,77844,7.48,0.6762,0.7816
1676,Fame & Fortune,5,25,26058,1731,39.96,44.97,1041200,77844,7.48,0.6762,0.7816
1676,Fame & Fortune,5,10,96220,6546,10.82,11.89,1041200,77844,7.48,0.6762,0.7816
1676,Fame & Fortune,5,5,114574,9770,9.09,7.97,1041200,77844,7.48,0.6762,0.7816
1694,Fat Stacks,5,100000,8,4,225737.5,261924.0,1805900,1047696,58.02,0.6772,0.6602
1694,Fat Stacks,5,1000,8,5,225737.5,209539.2,1805900,1047696,58.02,0.6772,0.6602
1694,Fat Stacks,5,500,245,136,7371.02,7703.65,1805900,1047696,58.02,0.6772,0.6602
1694,Fat Stacks,5,100,4427,2520,407.93,415.75,1805900,1047696,58.02,0.6772,0.6602
1694,Fat Stacks,5,50,16394,9310,110.16,112.53,1805900,1047696,58.02,0.6772,0.6602
1694,Fat Stacks,5,25,16031,9161,112.65,114.36,1805900,1047696,58.02,0.6772,0.6602
1694,Fat Stacks,5,20,36118,20675,50.0,50.67,1805900,1047696,58.02,0.6772,0.6602
1694,Fat Stacks,5,10,187804,108595,9.62,9.65,1805900,1047696,58.02,0.6772,0.6602
1694,Fat Stacks,5,5,184221,107910,9.8,9.71,1805900,1047696,58.02,0.6772,0.6602
1703,Gem Jam,5,100000,4,2,230175.0,318110.5,920700,636221,69.1,0.6759,0.6513
1703,Gem Jam,5,5000,12,9,76725.0,70691.22,920700,636221,69.1,0.6759,0.6513
1703,Gem Jam,5,500,68,46,13539.71,13830.89,920700,636221,69.1,0.6759,0.6513
1703,Gem Jam,5,100,2150,1507,428.23,422.18,920700,636221,69.1,0.6759,0.6513
1703,Gem Jam,5,75,754,513,1221.09,1240.2,920700,636221,69.1,0.6759,0.6513
1703,Gem Jam,5,50,7233,4950,127.29,128.53,920700,636221,69.1,0.6759,0.6513
1703,Gem Jam,5,25,7549,5239,121.96,121.44,920700,636221,69.1,0.6759,0.6513
1703,Gem Jam,5,20,18414,12540,50.0,50.74,920700,636221,69.1,0.6759,0.6513
1703,Gem Jam,5,10,101277,69611,9.09,9.14,920700,636221,69.1,0.6759,0.6513
1703,Gem Jam,5,5,82863,57831,11.11,11.0,920700,636221,69.1,0.6759,0.6513
1668,Hi or Lo,5,100000,4,2,327125.0,281155.5,1308500,562311,42.97,0.6776,0.6657
1668,Hi or Lo,5,5000,10,3,130850.0,187437.0,1308500,562311,42.97,0.6776,0.6657
1668,Hi or Lo,5,500,213,78,6143.19,7209.12,1308500,562311,42.97,0.6776,0.6657
1668,Hi or Lo,5,200,330,126,3965.15,4462.79,1308500,562311,42.97,0.6776,0.6657
1668,Hi or Lo,5,100,4739,1918,276.11,293.18,1308500,562311,42.97,0.6776,0.6657
1668,Hi or Lo,5,50,14406,5790,90.83,97.12,1308500,562311,42.97,0.6776,0.6657
1668,Hi or Lo,5,25,10442,4289,125.31,131.11,1308500,562311,42.97,0.6776,0.6657
1668,Hi or Lo,5,20,22900,9425,57.14,59.66,1308500,562311,42.97,0.6776,0.6657
1668,Hi or Lo,5,10,117779,49484,11.11,11.36,1308500,562311,42.97,0.6776,0.6657
1668,Hi or Lo,5,5,143902,64134,9.09,8.77,1308500,562311,42.97,0.6776,0.6657
1697,Joker's Wild,5,100000,4,1,228450.0,321262.0,913800,321262,35.16,0.6763,0.6367
1697,Joker's Wild,5,1000,4,3,228450.0,107087.33,913800,321262,35.16,0.6763,0.6367
1697,Joker's Wild,5,500,112,38,8158.93,8454.26,913800,321262,35.16,0.6763,0.6367
1697,Joker's Wild,5,100,2700,905,338.44,354.99,913800,321262,35.16,0.6763,0.6367
1697,Joker's Wild,5,50,6800,2195,134.38,146.36,913800,321262,35.16,0.6763,0.6367
1697,Joker's Wild,5,30,6409,2117,142.58,151.75,913800,321262,35.16,0.6763,0.6367
1697,Joker's Wild,5,20,18232,6106,50.12,52.61,913800,321262,35.16,0.6763,0.6367
1697,Joker's Wild,5,10,100606,34794,9.08,9.23,913800,321262,35.16,0.6763,0.6367
1697,Joker's Wild,5,5,91380,33382,10.0,9.62,913800,321262,35.16,0.6763,0.6367
1709,Kaboom,5,100000,4,3,221325.0,263483.33,885300,790450,89.29,0.6804,0.6644
1709,Kaboom,5,1000,52,47,17025.0,16818.09,885300,790450,89.29,0.6804,0.6644
1709,Kaboom,5,500,223,195,3969.96,4053.59,885300,790450,89.29,0.6804,0.6644
1709,Kaboom,5,100,2760,2453,320.76,322.24,885300,790450,89.29,0.6804,0.6644
1709,Kaboom,5,50,8035,7131,110.18,110.85,885300,790450,89.29,0.6804,0.6644
1709,Kaboom,5,20,17706,15746,50.0,50.2,885300,790450,89.29,0.6804,0.6644
1709,Kaboom,5,10,97383,86790,9.09,9.11,885300,790450,89.29,0.6804,0.6644
1709,Kaboom,5,5,88530,79326,10.0,9.96,885300,790450,89.29,0.6804,0.6644
1690,Lucky 603,5,100000,4,0,227925.0,,911700,168905,18.53,0.6769,0.5598
1690,Lucky 603,5,1000,5,1,182340.0,168905.0,911700,168905,18.53,0.6769,0.5598
1690,Lucky 603,5,500,147,22,6202.04,7677.5,911700,168905,18.53,0.6769,0.5598
1690,Lucky 603,5,200,215,33,4240.47,5118.33,911700,168905,18.53,0.6769,0.5598
1690,Lucky 603,5,100,2948,495,309.26,341.22,911700,168905,18.53,0.6769,0.5598
1690,Lucky 603,5,50,5838,932,156.17,181.23,911700,168905,18.53,0.6769,0.5598
1690,Lucky 603,5,30,3609,599,252.62,281.98,911700,168905,18.53,0.6769,0.5598
1690,Lucky 603,5,20,20057,3389,45.46,49.84,911700,168905,18.53,0.6769,0.5598
1690,Lucky 603,5,10,96628,17368,9.44,9.73,911700,168905,18.53,0.6769,0.5598
1690,Lucky 603,5,5,100313,19728,9.09,8.56,911700,168905,18.53,0.6769,0.5598
1708,Patriots®,5,250,1994,1719,463.34,465.02,923900,799372,86.52,0.6802,0.678
1708,Patriots®,5,150,204,172,4528.92,4647.51,923900,799372,86.52,0.6802,0.678
1708,Patriots®,5,100,2858,2457,323.27,325.34,923900,799372,86.52,0.6802,0.678
1708,Patriots®,5,50,6402,5496,144.31,145.45,923900,799372,86.52,0.6802,0.678
1708,Patriots®,5,40,2196,1885,420.72,424.07,923900,799372,86.52,0.6802,0.678
1708,Patriots®,5,25,2843,2442,324.97,327.34,923900,799372,86.52,0.6802,0.678
1708,Patriots®,5,20,23110,19907,39.98,40.16,923900,799372,86.52,0.6802,0.678
1708,Patriots®,5,10,90088,77745,10.26,10.28,923900,799372,86.52,0.6802,0.678
1708,Patriots®,5,5,97028,84341,9.52,9.48,923900,799372,86.52,0.6802,0.678
1689,Top Secret Money Puzzle,5,100000,4,0,261200.0,,1044800,293311,28.07,0.6755,0.5435
1689,Top Secret Money Puzzle,5,2000,6,0,174133.33,,1044800,293311,28.07,0.6755,0.5435
1689,Top Secret Money Puzzle,5,500,116,27,9006.9,10863.37,1044800,293311,28.07,0.6755,0.5435
1689,Top Secret Money Puzzle,5,200,378,85,2764.02,3450.72,1044800,293311,28.07,0.6755,0.5435
1689,Top Secret Money Puzzle,5,125,516,113,2024.81,2595.67,1044800,293311,28.07,0.6755,0.5435
1689,Top Secret Money Puzzle,5,100,1370,290,762.63,1011.42,1044800,293311,28.07,0.6755,0.5435
1689,Top Secret Money Puzzle,5,75,1886,421,553.98,696.7,1044800,293311,28.07,0.6755,0.5435
1689,Top Secret Money Puzzle,5,50,6530,1517,160.0,193.35,1044800,293311,28.07,0.6755,0.5435
1689,Top Secret Money Puzzle,5,30,4354,1001,239.96,293.02,1044800,293311,28.07,0.6755,0.5435
1689,Top Secret Money Puzzle,5,25,16706,3853,62.54,76.13,1044800,293311,28.07,0.6755,0.5435
1689,Top Secret Money Puzzle,5,20,10448,2453,100.0,119.57,1044800,293311,28.07,0.6755,0.5435
1689,Top Secret Money Puzzle,5,15,8347,1992,125.17,147.24,1044800,293311,28.07,0.6755,0.5435
1689,Top Secret Money Puzzle,5,10,83577,22760,12.5,12.89,1044800,293311,28.07,0.6755,0.5435
1689,Top Secret Money Puzzle,5,5,119137,36619,8.77,8.01,1044800,293311,28.07,0.6755,0.5435
1685,VIP Triple Bonus,5,100000,5,1,261520.0,423057.0,1307600,423057,32.35,0.6768,0.6247
1685,VIP Triple Bonus,5,5000,11,3,118872.73,141019.0,1307600,423057,32.35,0.6768,0.6247
1685,VIP Triple Bonus,5,1000,64,22,20431.25,19229.86,1307600,423057,32.35,0.6768,0.6247
1685,VIP Triple Bonus,5,500,164,47,7973.17,9001.21,1307600,423057,32.35,0.6768,0.6247
1685,VIP Triple Bonus,5,250,203,53,6441.38,7982.21,1307600,423057,32.35,0.6768,0.6247
1685,VIP Triple Bonus,5,100,3454,1031,378.58,410.34,1307600,423057,32.35,0.6768,0.6247
1685,VIP Triple Bonus,5,50,13076,3828,100.0,110.52,1307600,423057,32.35,0.6768,0.6247
1685,VIP Triple Bonus,5,25,7589,2276,172.3,185.88,1307600,423057,32.35,0.6768,0.6247
1685,VIP Triple Bonus,5,20,39228,12049,33.33,35.11,1307600,423057,32.35,0.6768,0.6247
1685,VIP Triple Bonus,5,10,98012,31461,13.34,13.45,1307600,423057,32.35,0.6768,0.6247
1685,VIP Triple Bonus,5,5,143952,48153,9.08,8.79,1307600,423057,32.35,0.6768,0.6247
1695,Casino Nights,3,50000,4,2,258700.0,261703.5,1034800,523407,50.58,0.6279,0.6204
1695,Casino Nights,3,1000,5,3,206960.0,174469.0,1034800,523407,50.58,0.6279,0.6204
1695,Casino Nights,3,500,61,31,16963.93,16884.1,1034800,523407,50.58,0.6279,0.6204
1695,Casino Nights,3,200,104,50,9950.0,10468.14,1034800,523407,50.58,0.6279,0.6204
1695,Casino Nights,3,100,506,244,2045.06,2145.11,1034800,523407,50.58,0.6279,0.6204
1695,Casino Nights,3,75,317,151,3264.35,3466.27,1034800,523407,50.58,0.6279,0.6204
1695,Casino Nights,3,50,1793,871,577.13,600.93,1034800,523407,50.58,0.6279,0.6204
1695,Casino Nights,3,30,3367,1650,307.34,317.22,1034800,523407,50.58,0.6279,0.6204
1695,Casino Nights,3,20,12942,6350,79.96,82.43,1034800,523407,50.58,0.6279,0.6204
1695,Casino Nights,3,10,38798,19297,26.67,27.12,1034800,523407,50.58,0.6279,0.6204
1695,Casino Nights,3,5,87944,44430,11.77,11.78,1034800,523407,50.58,0.6279,0.6204
1695,Casino Nights,3,3,113828,58263,9.09,8.98,1034800,523407,50.58,0.6279,0.6204
1682,Cosmic Wild Bingo,3,50000,4,3,261075.0,146903.67,1044300,440711,42.2,0.6268,0.6668
1682,Cosmic Wild Bingo,3,2300,2,1,522150.0,440711.0,1044300,440711,42.2,0.6268,0.6668
1682,Cosmic Wild Bingo,3,2000,4,3,261075.0,146903.67,1044300,440711,42.2,0.6268,0.6668
1682,Cosmic Wild Bingo,3,1000,6,2,174050.0,220355.5,1044300,440711,42.2,0.6268,0.6668
1682,Cosmic Wild Bingo,3,500,19,6,54963.16,73451.83,1044300,440711,42.2,0.6268,0.6668
1682,Cosmic Wild Bingo,3,300,14,6,74592.86,73451.83,1044300,440711,42.2,0.6268,0.6668
1682,Cosmic Wild Bingo,3,250,12,5,87025.0,88142.2,1044300,440711,42.2,0.6268,0.6668
1682,Cosmic Wild Bingo,3,200,31,10,33687.1,44071.1,1044300,440711,42.2,0.6268,0.6668
1682,Cosmic Wild Bingo,3,150,83,30,12581.93,14690.37,1044300,440711,42.2,0.6268,0.6668
1682,Cosmic Wild Bingo,3,100,89,27,11733.71,16322.63,1044300,440711,42.2,0.6268,0.6668
1682,Cosmic Wild Bingo,3,90,215,77,4857.21,5723.52,1044300,440711,42.2,0.6268,0.6668
1682,Cosmic Wild Bingo,3,75,250,99,4177.2,4451.63,1044300,440711,42.2,0.6268,0.6668
1682,Cosmic Wild Bingo,3,50,1682,718,620.87,613.8,1044300,440711,42.2,0.6268,0.6668
1682,Cosmic Wild Bingo,3,30,4932,1918,211.74,229.78,1044300,440711,42.2,0.6268,0.6668
1682,Cosmic Wild Bingo,3,25,7825,3297,133.46,133.67,1044300,440711,42.2,0.6268,0.6668
1682,Cosmic Wild Bingo,3,15,13060,5009,79.96,87.98,1044300,440711,42.2,0.6268,0.6668
1682,Cosmic Wild Bingo,3,10,31264,13159,33.4,33.49,1044300,440711,42.2,0.6268,0.6668
1682,Cosmic Wild Bingo,3,5,73040,31001,14.3,14.22,1044300,440711,42.2,0.6268,0.6668
1682,Cosmic Wild Bingo,3,3,120442,51388,8.67,8.58,1044300,440711,42.2,0.6268,0.6668
1674,Money Puzzle Multiplier,3,50000,4,2,520175.0,518921.5,2080700,1037843,49.88,0.6284,0.6178
1674,Money Puzzle Multiplier,3,1000,47,24,44270.21,43243.46,2080700,1037843,49.88,0.6284,0.6178
1674,Money Puzzle Multiplier,3,200,160,75,13004.38,13837.91,2080700,1037843,49.88,0.6284,0.6178
1674,Money Puzzle Multiplier,3,100,1449,681,1435.96,1524.0,2080700,1037843,49.88,0.6284,0.6178
1674,Money Puzzle Multiplier,3,80,726,347,2865.98,2990.9,2080700,1037843,49.88,0.6284,0.6178
1674,Money Puzzle Multiplier,3,60,1158,550,1796.8,1886.99,2080700,1037843,49.88,0.6284,0.6178
1674,Money Puzzle Multiplier,3,50,1160,557,1793.71,1863.27,2080700,1037843,49.88,0.6284,0.6178
1674,Money Puzzle Multiplier,3,45,1167,562,1782.95,1846.7,2080700,1037843,49.88,0.6284,0.6178
1674,Money Puzzle Multiplier,3,24,1493,716,1393.64,1449.5,2080700,1037843,49.88,0.6284,0.6178
1674,Money Puzzle Multiplier,3,20,33236,15605,62.6,66.51,2080700,1037843,49.88,0.6284,0.6178
1674,Money Puzzle Multiplier,3,18,4117,1931,505.39,537.46,2080700,1037843,49.88,0.6284,0.6178
1674,Money Puzzle Multiplier,3,12,16629,8138,125.12,127.53,2080700,1037843,49.88,0.6284,0.6178
1674,Money Puzzle Multiplier,3,9,16673,7933,124.79,130.83,2080700,1037843,49.88,0.6284,0.6178
1674,Money Puzzle Multiplier,3,6,241667,119999,8.61,8.65,2080700,1037843,49.88,0.6284,0.6178
1674,Money Puzzle Multiplier,3,3,228858,116491,9.09,8.91,2080700,1037843,49.88,0.6284,0.6178
1664,20X Cash Multiplier,2,20000,4,0,313387.5,,1253550,203825,16.26,0.6538,0.5736
1664,20X Cash Multiplier,2,1000,20,4,62677.5,50956.25,1253550,203825,16.26,0.6538,0.5736
1664,20X Cash Multiplier,2,200,158,21,7933.86,9705.95,1253550,203825,16.26,0.6538,0.5736
1664,20X Cash Multiplier,2,100,847,126,1479.99,1617.66,1253550,203825,16.26,0.6538,0.5736
1664,20X Cash Multiplier,2,50,2638,318,475.19,640.96,1253550,203825,16.26,0.6538,0.5736
1664,20X Cash Multiplier,2,25,5506,687,227.67,296.69,1253550,203825,16.26,0.6538,0.5736
1664,20X Cash Multiplier,2,20,10460,1464,119.84,139.22,1253550,203825,16.26,0.6538,0.5736
1664,20X Cash Multiplier,2,10,16708,2438,75.03,83.6,1253550,203825,16.26,0.6538,0.5736
1664,20X Cash Multiplier,2,5,25064,3908,50.01,52.16,1253550,203825,16.26,0.6538,0.5736
1664,20X Cash Multiplier,2,4,100242,15683,12.51,13.0,1253550,203825,16.26,0.6538,0.5736
1664,20X Cash Multiplier,2,2,125349,22016,10.0,9.26,1253550,203825,16.26,0.6538,0.5736
1688,7•11•21 Multiplier,2,20000,5,1,224850.0,454180.0,1124250,454180,40.4,0.6543,0.617
1688,7•11•21 Multiplier,2,1000,18,5,62458.33,90836.0,1124250,454180,40.4,0.6543,0.617
1688,7•11•21 Multiplier,2,200,247,109,4551.62,4166.79,1124250,454180,40.4,0.6543,0.617
1688,7•11•21 Multiplier,2,100,1324,496,849.13,915.69,1124250,454180,40.4,0.6543,0.617
1688,7•11•21 Multiplier,2,50,2741,1027,410.16,442.24,1124250,454180,40.4,0.6543,0.617
1688,7•11•21 Multiplier,2,20,11235,4355,100.07,104.29,1124250,454180,40.4,0.6543,0.617
1688,7•11•21 Multiplier,2,10,7495,2912,150.0,155.97,1124250,454180,40.4,0.6543,0.617
1688,7•11•21 Multiplier,2,5,30010,11839,37.46,38.36,1124250,454180,40.4,0.6543,0.617
1688,7•11•21 Multiplier,2,4,89940,36178,12.5,12.55,1124250,454180,40.4,0.6543,0.617
1688,7•11•21 Multiplier,2,2,112425,46272,10.0,9.82,1124250,454180,40.4,0.6543,0.617
1698,Double Match Doubler,2,20000,4,1,214125.0,447988.0,856500,447988,52.3,0.6554,0.6034
1698,Double Match Doubler,2,1000,4,2,214125.0,223994.0,856500,447988,52.3,0.6554,0.6034
1698,Double Match Doubler,2,500,28,15,30589.29,29865.87,856500,447988,52.3,0.6554,0.6034
1698,Double Match Doubler,2,100,651,284,1315.67,1577.42,856500,447988,52.3,0.6554,0.6034
1698,Double Match Doubler,2,50,2274,1071,376.65,418.29,856500,447988,52.3,0.6554,0.6034
1698,Double Match Doubler,2,30,2692,1290,318.16,347.28,856500,447988,52.3,0.6554,0.6034
1698,Double Match Doubler,2,20,7129,3395,120.14,131.96,856500,447988,52.3,0.6554,0.6034
1698,Double Match Doubler,2,10,11437,6038,74.89,74.19,856500,447988,52.3,0.6554,0.6034
1698,Double Match Doubler,2,5,22840,11282,37.5,39.71,856500,447988,52.3,0.6554,0.6034
1698,Double Match Doubler,2,4,51388,25511,16.67,17.56,856500,447988,52.3,0.6554,0.6034
1698,Double Match Doubler,2,2,94219,51884,9.09,8.63,856500,447988,52.3,0.6554,0.6034
1640,Electric 8s,2,18888,4,0,301875.0,,1207500,153435,12.71,0.6555,0.5421
1640,Electric 8s,2,500,80,8,15093.75,19179.38,1207500,153435,12.71,0.6555,0.5421
1640,Electric 8s,2,200,123,11,9817.07,13948.64,1207500,153435,12.71,0.6555,0.5421
1640,Electric 8s,2,100,508,54,2376.97,2841.39,1207500,153435,12.71,0.6555,0.5421
1640,Electric 8s,2,80,505,45,2391.09,3409.67,1207500,153435,12.71,0.6555,0.5421
1640,Electric 8s,2,50,2709,235,445.74,652.91,1207500,153435,12.71,0.6555,0.5421
1640,Electric 8s,2,30,4045,367,298.52,418.08,1207500,153435,12.71,0.6555,0.5421
1640,Electric 8s,2,20,12102,1161,99.78,132.16,1207500,153435,12.71,0.6555,0.5421
1640,Electric 8s,2,10,12048,1265,100.22,121.29,1207500,153435,12.71,0.6555,0.5421
1640,Electric 8s,2,5,48218,5499,25.04,27.9,1207500,153435,12.71,0.6555,0.5421
1640,Electric 8s,2,4,36276,4338,33.29,35.37,1207500,153435,12.71,0.6555,0.5421
1640,Electric 8s,2,3,40196,5123,30.04,29.95,1207500,153435,12.71,0.6555,0.5421
1640,Electric 8s,2,2,112749,16147,10.71,9.5,1207500,153435,12.71,0.6555,0.5421
1705,Fishing For $100s,2,100,4794,3627,183.85,184.54,881400,669344,75.94,0.655,0.6527
1705,Fishing For $100s,2,20,4386,3291,200.96,203.39,881400,669344,75.94,0.655,0.6527
1705,Fishing For $100s,2,10,5899,4403,149.42,152.02,881400,669344,75.94,0.655,0.6527
1705,Fishing For $100s,2,5,17610,13312,50.05,50.28,881400,669344,75.94,0.655,0.6527
1705,Fishing For $100s,2,4,51352,38854,17.16,17.23,881400,669344,75.94,0.655,0.6527
1705,Fishing For $100s,2,2,117576,89623,7.5,7.47,881400,669344,75.94,0.655,0.6527
1672,Haunted Hundreds,2,100,2693,242,182.97,294.45,492750,71256,14.46,0.6568,0.5293
1672,Haunted Hundreds,2,20,2473,234,199.25,304.51,492750,71256,14.46,0.6568,0.5293
1672,Haunted Hundreds,2,10,3272,384,150.6,185.56,492750,71256,14.46,0.6568,0.5293
1672,Haunted Hundreds,2,5,9844,1342,50.06,53.1,492750,71256,14.46,0.6568,0.5293
1672,Haunted Hundreds,2,4,28823,3902,17.1,18.26,492750,71256,14.46,0.6568,0.5293
1672,Haunted Hundreds,2,2,65634,10199,7.51,6.99,492750,71256,14.46,0.6568,0.5293
1675,I Heart Bacon,2,10000,4,1,188250.0,238214.0,753000,238214,31.64,0.6527,0.5916
1675,I Heart Bacon,2,1000,26,4,28961.54,59553.5,753000,238214,31.64,0.6527,0.5916
1675,I Heart Bacon,2,200,88,12,8556.82,19851.17,753000,238214,31.64,0.6527,0.5916
1675,I Heart Bacon,2,100,747,189,1008.03,1260.39,753000,238214,31.64,0.6527,0.5916
1675,I Heart Bacon,2,50,631,151,1193.34,1577.58,753000,238214,31.64,0.6527,0.5916
1675,I Heart Bacon,2,20,12568,3429,59.91,69.47,753000,238214,31.64,0.6527,0.5916
1675,I Heart Bacon,2,10,5003,1429,150.51,166.7,753000,238214,31.64,0.6527,0.5916
1675,I Heart Bacon,2,5,20096,6275,37.47,37.96,753000,238214,31.64,0.6527,0.5916
1675,I Heart Bacon,2,4,60139,18612,12.52,12.8,753000,238214,31.64,0.6527,0.5916
1675,I Heart Bacon,2,2,75367,25155,9.99,9.47,753000,238214,31.64,0.6527,0.5916
1642,Lucky Roll Bonus,2,20000,4,3,376012.5,275582.67,1504050,826748,54.97,0.6539,0.655
1642,Lucky Roll Bonus,2,500,84,50,17905.36,16534.96,1504050,826748,54.97,0.6539,0.655
1642,Lucky Roll Bonus,2,200,153,75,9830.39,11023.31,1504050,826748,54.97,0.6539,0.655
1642,Lucky Roll Bonus,2,100,1343,715,1119.92,1156.29,1504050,826748,54.97,0.6539,0.655
1642,Lucky Roll Bonus,2,50,4129,2151,364.26,384.36,1504050,826748,54.97,0.6539,0.655
1642,Lucky Roll Bonus,2,30,4332,2302,347.2,359.14,1504050,826748,54.97,0.6539,0.655
1642,Lucky Roll Bonus,2,20,12514,6815,120.19,121.31,1504050,826748,54.97,0.6539,0.655
1642,Lucky Roll Bonus,2,10,15063,8048,99.85,102.73,1504050,826748,54.97,0.6539,0.655
1642,Lucky Roll Bonus,2,5,60194,32920,24.99,25.11,1504050,826748,54.97,0.6539,0.655
1642,Lucky Roll Bonus,2,4,85259,46614,17.64,17.74,1504050,826748,54.97,0.6539,0.655
1642,Lucky Roll Bonus,2,2,150351,83585,10.0,9.89,1504050,826748,54.97,0.6539,0.655
1644,Money Vault Multiplier,2,20000,4,1,303675.0,348348.0,1214700,348348,28.68,0.6552,0.6246
1644,Money Vault Multiplier,2,1000,15,4,80980.0,87087.0,1214700,348348,28.68,0.6552,0.6246
1644,Money Vault Multiplier,2,500,40,11,30367.5,31668.0,1214700,348348,28.68,0.6552,0.6246
1644,Money Vault Multiplier,2,100,1125,279,1079.73,1248.56,1214700,348348,28.68,0.6552,0.6246
1644,Money Vault Multiplier,2,50,2269,596,535.35,584.48,1214700,348348,28.68,0.6552,0.6246
1644,Money Vault Multiplier,2,30,3364,840,361.09,414.7,1214700,348348,28.68,0.6552,0.6246
1644,Money Vault Multiplier,2,20,12139,3217,100.07,108.28,1214700,348348,28.68,0.6552,0.6246
1644,Money Vault Multiplier,2,10,12155,3290,99.93,105.88,1214700,348348,28.68,0.6552,0.6246
1644,Money Vault Multiplier,2,5,48588,13469,25.0,25.86,1214700,348348,28.68,0.6552,0.6246
1644,Money Vault Multiplier,2,4,78985,22763,15.38,15.3,1214700,348348,28.68,0.6552,0.6246
1644,Money Vault Multiplier,2,2,113353,33544,10.72,10.38,1214700,348348,28.68,0.6552,0.6246
1678,Nutcracker Cash,2,10000,4,1,212025.0,223265.0,848100,223265,26.33,0.655,0.5709
1678,Nutcracker Cash,2,500,72,10,11779.17,22326.5,848100,223265,26.33,0.655,0.5709
1678,Nutcracker Cash,2,200,81,17,10470.37,13133.24,848100,223265,26.33,0.655,0.5709
1678,Nutcracker Cash,2,100,735,117,1153.88,1908.25,848100,223265,26.33,0.655,0.5709
1678,Nutcracker Cash,2,50,2064,359,410.9,621.91,848100,223265,26.33,0.655,0.5709
1678,Nutcracker Cash,2,30,2816,560,301.17,398.69,848100,223265,26.33,0.655,0.5709
1678,Nutcracker Cash,2,20,7059,1465,120.14,152.4,848100,223265,26.33,0.655,0.5709
1678,Nutcracker Cash,2,10,8484,1998,99.96,111.74,848100,223265,26.33,0.655,0.5709
1678,Nutcracker Cash,2,5,33930,8553,25.0,26.1,848100,223265,26.33,0.655,0.5709
1678,Nutcracker Cash,2,4,48109,12564,17.63,17.77,848100,223265,26.33,0.655,0.5709
1678,Nutcracker Cash,2,2,84765,23879,10.01,9.35,848100,223265,26.33,0.655,0.5709
1667,Quick Deal,2,20000,4,2,304387.5,300099.0,1217550,600198,49.3,0.6546,0.6413
1667,Quick Deal,2,500,105,46,11595.71,13047.78,1217550,600198,49.3,0.6546,0.6413
1667,Quick Deal,2,100,1405,660,866.58,909.39,1217550,600198,49.3,0.6546,0.6413
1667,Quick Deal,2,50,2557,1182,476.16,507.78,1217550,600198,49.3,0.6546,0.6413
1667,Quick Deal,2,20,12179,5732,99.97,104.71,1217550,600198,49.3,0.6546,0.6413
1667,Quick Deal,2,10,12176,5871,100.0,102.23,1217550,600198,49.3,0.6546,0.6413
1667,Quick Deal,2,5,113623,55744,10.72,10.77,1217550,600198,49.3,0.6546,0.6413
1667,Quick Deal,2,2,129872,64808,9.38,9.26,1217550,600198,49.3,0.6546,0.6413
1684,VIP Double Bonus,2,20000,4,2,218737.5,171109.0,874950,342218,39.11,0.6524,0.6469
1684,VIP Double Bonus,2,1000,14,5,62496.43,68443.6,874950,342218,39.11,0.6524,0.6469
1684,VIP Double Bonus,2,200,66,23,13256.82,14879.04,874950,342218,39.11,0.6524,0.6469
1684,VIP Double Bonus,2,100,676,253,1294.3,1352.64,874950,342218,39.11,0.6524,0.6469
1684,VIP Double Bonus,2,50,2301,818,380.25,418.36,874950,342218,39.11,0.6524,0.6469
1684,VIP Double Bonus,2,25,3743,1394,233.76,245.49,874950,342218,39.11,0.6524,0.6469
1684,VIP Double Bonus,2,20,5833,2072,150.0,165.16,874950,342218,39.11,0.6524,0.6469
1684,VIP Double Bonus,2,10,10177,3855,85.97,88.77,874950,342218,39.11,0.6524,0.6469
1684,VIP Double Bonus,2,5,17496,6593,50.01,51.91,874950,342218,39.11,0.6524,0.6469
1684,VIP Double Bonus,2,4,70104,27776,12.48,12.32,874950,342218,39.11,0.6524,0.6469
1684,VIP Double Bonus,2,2,85982,34025,10.18,10.06,874950,342218,39.11,0.6524,0.6469
1718,Win It All,2,20000,4,3,277912.5,345422.33,1111650,1036267,93.22,0.6549,0.6472
1718,Win It All,2,1000,8,8,138956.25,129533.38,1111650,1036267,93.22,0.6549,0.6472
1718,Win It All,2,200,93,88,11953.23,11775.76,1111650,1036267,93.22,0.6549,0.6472
1718,Win It All,2,100,743,686,1496.16,1510.59,1111650,1036267,93.22,0.6549,0.6472
1718,Win It All,2,50,1877,1737,592.25,596.58,1111650,1036267,93.22,0.6549,0.6472
1718,Win It All,2,40,1084,1005,1025.51,1031.11,1111650,1036267,93.22,0.6549,0.6472
1718,Win It All,2,30,2850,2655,390.05,390.31,1111650,1036267,93.22,0.6549,0.6472
1718,Win It All,2,20,11114,10365,100.02,99.98,1111650,1036267,93.22,0.6549,0.6472
1718,Win It All,2,10,18530,17230,59.99,60.14,1111650,1036267,93.22,0.6549,0.6472
1718,Win It All,2,5,40756,37886,27.28,27.35,1111650,1036267,93.22,0.6549,0.6472
1718,Win It All,2,4,44478,41399,24.99,25.03,1111650,1036267,93.22,0.6549,0.6472
1718,Win It All,2,2,131545,122858,8.45,8.43,1111650,1036267,93.22,0.6549,0.6472
1677,Frosty's $50's,1,50,3306,598,259.53,436.24,858000,260872,30.4,0.6192,0.5074
1677,Frosty's $50's,1,20,1426,286,601.68,912.14,858000,260872,30.4,0.6192,0.5074
1677,Frosty's $50's,1,10,4278,941,200.56,277.23,858000,260872,30.4,0.6192,0.5074
1677,Frosty's $50's,1,5,17186,4503,49.92,57.93,858000,260872,30.4,0.6192,0.5074
1677,Frosty's $50's,1,2,54349,16231,15.79,16.07,858000,260872,30.4,0.6192,0.5074
1677,Frosty's $50's,1,1,100072,32357,8.57,8.06,858000,260872,30.4,0.6192,0.5074
1630,Match 2 Win,1,500,5,2,294390.0,343619.0,1471950,687238,46.69,0.621,0.6079
1630,Match 2 Win,1,100,707,287,2081.97,2394.56,1471950,687238,46.69,0.621,0.6079
1630,Match 2 Win,1,50,1709,708,861.29,970.68,1471950,687238,46.69,0.621,0.6079
1630,Match 2 Win,1,20,4895,2269,300.7,302.88,1471950,687238,46.69,0.621,0.6079
1630,Match 2 Win,1,10,14734,7211,99.9,95.3,1471950,687238,46.69,0.621,0.6079
1630,Match 2 Win,1,5,7364,3263,199.88,210.62,1471950,687238,46.69,0.621,0.6079
1630,Match 2 Win,1,4,24521,11023,60.03,62.35,1471950,687238,46.69,0.621,0.6079
1630,Match 2 Win,1,2,117733,54141,12.5,12.69,1471950,687238,46.69,0.621,0.6079
1630,Match 2 Win,1,1,139761,66499,10.53,10.33,1471950,687238,46.69,0.621,0.6079
1701,Moo$e Money Tripler,1,500,5,2,197700.0,308306.0,988500,616612,62.38,0.6191,0.6017
1701,Moo$e Money Tripler,1,100,112,64,8825.89,9634.56,988500,616612,62.38,0.6191,0.6017
1701,Moo$e Money Tripler,1,90,155,90,6377.42,6851.24,988500,616612,62.38,0.6191,0.6017
1701,Moo$e Money Tripler,1,60,952,551,1038.34,1119.08,988500,616612,62.38,0.6191,0.6017
1701,Moo$e Money Tripler,1,30,1392,837,710.13,736.69,988500,616612,62.38,0.6191,0.6017
1701,Moo$e Money Tripler,1,20,1243,707,795.25,872.15,988500,616612,62.38,0.6191,0.6017
1701,Moo$e Money Tripler,1,18,2526,1481,391.33,416.35,988500,616612,62.38,0.6191,0.6017
1701,Moo$e Money Tripler,1,9,6590,3944,150.0,156.34,988500,616612,62.38,0.6191,0.6017
1701,Moo$e Money Tripler,1,6,6590,4013,150.0,153.65,988500,616612,62.38,0.6191,0.6017
1701,Moo$e Money Tripler,1,3,39540,24242,25.0,25.44,988500,616612,62.38,0.6191,0.6017
1701,Moo$e Money Tripler,1,2,46130,28782,21.43,21.42,988500,616612,62.38,0.6191,0.6017
1701,Moo$e Money Tripler,1,1,105440,66703,9.38,9.24,988500,616612,62.38,0.6191,0.6017
1691,Quick $25's,1,25,8882,4761,113.49,120.64,1008000,574348,56.98,0.6203,0.6029
1691,Quick $25's,1,10,6720,3656,150.0,157.1,1008000,574348,56.98,0.6203,0.6029
1691,Quick $25's,1,5,6720,3701,150.0,155.19,1008000,574348,56.98,0.6203,0.6029
1691,Quick $25's,1,4,15120,8451,66.67,67.96,1008000,574348,56.98,0.6203,0.6029
1691,Quick $25's,1,2,67182,38080,15.0,15.08,1008000,574348,56.98,0.6203,0.6029
1691,Quick $25's,1,1,107556,62249,9.37,9.23,1008000,574348,56.98,0.6203,0.6029
1711,Trick or Treat,1,500,5,4,100590.0,109231.75,502950,436927,86.87,0.6219,0.616
1711,Trick or Treat,1,100,224,191,2245.31,2287.58,502950,436927,86.87,0.6219,0.616
1711,Trick or Treat,1,50,543,462,926.24,945.73,502950,436927,86.87,0.6219,0.616
1711,Trick or Treat,1,20,1637,1385,307.24,315.47,502950,436927,86.87,0.6219,0.616
1711,Trick or Treat,1,10,5870,5036,85.68,86.76,502950,436927,86.87,0.6219,0.616
1711,Trick or Treat,1,5,7542,6484,66.69,67.39,502950,436927,86.87,0.6219,0.616
1711,Trick or Treat,1,2,41909,36382,12.0,12.01,502950,436927,86.87,0.6219,0.616
1711,Trick or Treat,1,1,47776,41712,10.53,10.47,502950,436927,86.87,0.6219,0.616
1629,Triple It!,1,500,6,3,242050.0,83927.33,1452300,251782,17.34,0.6206,0.5319
1629,Triple It!,1,150,24,4,60512.5,62945.5,1452300,251782,17.34,0.6206,0.5319
1629,Triple It!,1,90,489,52,2969.94,4841.96,1452300,251782,17.34,0.6206,0.5319
1629,Triple It!,1,50,1942,150,747.84,1678.55,1452300,251782,17.34,0.6206,0.5319
1629,Triple It!,1,30,2177,268,667.11,939.49,1452300,251782,17.34,0.6206,0.5319
1629,Triple It!,1,15,3926,536,369.92,469.74,1452300,251782,17.34,0.6206,0.5319
1629,Triple It!,1,10,7251,894,200.29,281.64,1452300,251782,17.34,0.6206,0.5319
1629,Triple It!,1,6,9687,1671,149.92,150.68,1452300,251782,17.34,0.6206,0.5319
1629,Triple It!,1,5,14513,1942,100.07,129.65,1452300,251782,17.34,0.6206,0.5319
1629,Triple It!,1,3,38695,6851,37.53,36.75,1452300,251782,17.34,0.6206,0.5319
1629,Triple It!,1,2,77564,12758,18.72,19.74,1452300,251782,17.34,0.6206,0.5319
1629,Triple It!,1,1,154920,28822,9.37,8.74,1452300,251782,17.34,0.6206,0.5319
1683,VIP Bonus,1,500,5,1,200400.0,398108.0,1002000,398108,39.73,0.6206,0.5833
1683,VIP Bonus,1,100,309,104,3242.72,3827.96,1002000,398108,39.73,0.6206,0.5833
1683,VIP Bonus,1,50,1641,530,610.6,751.15,1002000,398108,39.73,0.6206,0.5833
1683,VIP Bonus,1,20,2943,1063,340.47,374.51,1002000,398108,39.73,0.6206,0.5833
1683,VIP Bonus,1,10,10055,3745,99.65,106.3,1002000,398108,39.73,0.6206,0.5833
1683,VIP Bonus,1,5,16665,6154,60.13,64.69,1002000,398108,39.73,0.6206,0.5833
1683,VIP Bonus,1,2,80050,31423,12.52,12.67,1002000,398108,39.73,0.6206,0.5833
1683,VIP Bonus,1,1,103585,42503,9.67,9.37,1002000,398108,39.73,0.6206,0.5833
1618,Wham!,1,250,48,23,30212.5,36792.3,1450200,846223,58.35,0.6201,0.6022
1618,Wham!,1,100,358,192,4050.84,4407.41,1450200,846223,58.35,0.6201,0.6022
1618,Wham!,1,50,2121,1146,683.73,738.41,1450200,846223,58.35,0.6201,0.6022
1618,Wham!,1,20,2915,1593,497.5,531.21,1450200,846223,58.35,0.6201,0.6022
1618,Wham!,1,15,1983,1099,731.32,769.99,1450200,846223,58.35,0.6201,0.6022
1618,Wham!,1,10,9668,5404,150.0,156.59,1450200,846223,58.35,0.6201,0.6022
1618,Wham!,1,5,38654,21979,37.52,38.5,1450200,846223,58.35,0.6201,0.6022
1618,Wham!,1,3,14515,8338,99.91,101.49,1450200,846223,58.35,0.6201,0.6022
1618,Wham!,1,2,87056,50645,16.66,16.71,1450200,846223,58.35,0.6201,0.6022
1618,Wham!,1,1,149817,88801,9.68,9.53,1450200,846223,58.35,0.6201,0.6022
